{
	"credit": "Made with Blockbench",
	"ambientocclusion": false,
	"texture_size": [32, 32],
	"textures": {
		"5": "colourshiftbow3"
	},
	"elements": [
		{
			"from": [7.63144, 11.33739, 7.5],
			"to": [8.63144, 16.33739, 8.5],
			"rotation": {"angle": 0, "axis": "y", "origin": [5.63144, 5.33739, 8]},
			"faces": {
				"north": {"uv": [5, 3, 5.5, 5.5], "texture": "#5"},
				"east": {"uv": [5.5, 3, 6, 5.5], "texture": "#5"},
				"south": {"uv": [5, 5.5, 5.5, 8], "texture": "#5"},
				"west": {"uv": [5.5, 5.5, 6, 8], "texture": "#5"},
				"up": {"uv": [8.5, 2.5, 8, 2], "texture": "#5"},
				"down": {"uv": [8.5, 2.5, 8, 3], "texture": "#5"}
			}
		},
		{
			"from": [6.03144, 15.23739, 7.5],
			"to": [7.03144, 17.73739, 8.5],
			"rotation": {"angle": -45, "axis": "z", "origin": [8.13144, 13.83739, 8]},
			"faces": {
				"north": {"uv": [7, 5, 7.5, 6.25], "texture": "#5"},
				"east": {"uv": [6, 7, 6.5, 8.25], "texture": "#5"},
				"south": {"uv": [6.5, 7, 7, 8.25], "texture": "#5"},
				"west": {"uv": [7, 6.5, 7.5, 7.75], "texture": "#5"},
				"up": {"uv": [3.5, 8.5, 3, 8], "texture": "#5"},
				"down": {"uv": [8.5, 3, 8, 3.5], "texture": "#5"}
			}
		},
		{
			"from": [8.79522, 16.71392, 6.7],
			"to": [10.19522, 19.21392, 9.3],
			"rotation": {"angle": -45, "axis": "x", "origin": [9.64522, 17.96392, 8]},
			"faces": {
				"north": {"uv": [6.5, 0, 7.25, 1.25], "texture": "#5"},
				"east": {"uv": [5, 0, 6.25, 1.25], "texture": "#5"},
				"south": {"uv": [6.5, 1.5, 7.25, 2.75], "texture": "#5"},
				"west": {"uv": [5, 1.5, 6.25, 2.75], "texture": "#5"},
				"up": {"uv": [1.75, 8.25, 1, 7], "texture": "#5"},
				"down": {"uv": [2.75, 7, 2, 8.25], "texture": "#5"}
			}
		},
		{
			"from": [10.04522, 16.96392, 6.95],
			"to": [10.44522, 18.96392, 9.05],
			"rotation": {"angle": -45, "axis": "x", "origin": [9.64522, 17.96392, 8]},
			"faces": {
				"north": {"uv": [8, 6, 8.25, 7], "texture": "#5"},
				"east": {"uv": [6, 5, 7, 6], "texture": "#5"},
				"south": {"uv": [7, 8, 7.25, 9], "texture": "#5"},
				"west": {"uv": [6, 6, 7, 7], "texture": "#5"},
				"up": {"uv": [8.25, 8, 8, 7], "texture": "#5"},
				"down": {"uv": [7.75, 8, 7.5, 9], "texture": "#5"}
			}
		},
		{
			"from": [8.74522, 18.46392, 7.5],
			"to": [9.74522, 24.96392, 8.5],
			"rotation": {"angle": 22.5, "axis": "z", "origin": [10.99522, 18.96392, 8]},
			"faces": {
				"north": {"uv": [1, 0, 1.5, 3.25], "texture": "#5"},
				"east": {"uv": [1.5, 0, 2, 3.25], "texture": "#5"},
				"south": {"uv": [2, 0, 2.5, 3.25], "texture": "#5"},
				"west": {"uv": [2.5, 0, 3, 3.25], "texture": "#5"},
				"up": {"uv": [4.5, 8.5, 4, 8], "texture": "#5"},
				"down": {"uv": [8.5, 4, 8, 4.5], "texture": "#5"}
			}
		},
		{
			"from": [11.09522, 24.91392, 7.5],
			"to": [12.09522, 31.41392, 8.5],
			"rotation": {"angle": 45, "axis": "z", "origin": [10.99522, 18.96392, 8]},
			"faces": {
				"north": {"uv": [3, 0, 3.5, 3.25], "texture": "#5"},
				"east": {"uv": [3.5, 0, 4, 3.25], "texture": "#5"},
				"south": {"uv": [1, 3.5, 1.5, 6.75], "texture": "#5"},
				"west": {"uv": [1.5, 3.5, 2, 6.75], "texture": "#5"},
				"up": {"uv": [5, 8.5, 4.5, 8], "texture": "#5"},
				"down": {"uv": [8.5, 4.5, 8, 5], "texture": "#5"}
			}
		},
		{
			"from": [8.74522, 3.21087, 7.5],
			"to": [9.74522, 9.71087, 8.5],
			"rotation": {"angle": -22.5, "axis": "z", "origin": [10.99522, 9.21087, 8]},
			"faces": {
				"north": {"uv": [4, 0, 4.5, 3.25], "texture": "#5"},
				"east": {"uv": [4, 3.5, 4.5, 6.75], "texture": "#5"},
				"south": {"uv": [4.5, 0, 5, 3.25], "texture": "#5"},
				"west": {"uv": [4.5, 3.5, 5, 6.75], "texture": "#5"},
				"up": {"uv": [6, 8.5, 5.5, 8], "texture": "#5"},
				"down": {"uv": [8.5, 5.5, 8, 6], "texture": "#5"}
			}
		},
		{
			"from": [11.09522, -3.23913, 7.5],
			"to": [12.09522, 3.26087, 8.5],
			"rotation": {"angle": -45, "axis": "z", "origin": [10.99522, 9.21087, 8]},
			"faces": {
				"north": {"uv": [2, 3.5, 2.5, 6.75], "texture": "#5"},
				"east": {"uv": [2.5, 3.5, 3, 6.75], "texture": "#5"},
				"south": {"uv": [3, 3.5, 3.5, 6.75], "texture": "#5"},
				"west": {"uv": [3.5, 3.5, 4, 6.75], "texture": "#5"},
				"up": {"uv": [5.5, 8.5, 5, 8], "texture": "#5"},
				"down": {"uv": [8.5, 5, 8, 5.5], "texture": "#5"}
			}
		},
		{
			"from": [8.59522, 9.41392, 7],
			"to": [10.19522, 11.41392, 9],
			"rotation": {"angle": -45, "axis": "x", "origin": [10.49522, 10.41392, 8]},
			"faces": {
				"north": {"uv": [3, 7, 3.75, 8], "texture": "#5"},
				"east": {"uv": [6, 3, 7, 4], "texture": "#5"},
				"south": {"uv": [7, 3, 7.75, 4], "texture": "#5"},
				"west": {"uv": [6, 4, 7, 5], "texture": "#5"},
				"up": {"uv": [4.75, 8, 4, 7], "texture": "#5"},
				"down": {"uv": [7.75, 4, 7, 5], "texture": "#5"}
			}
		},
		{
			"from": [10.19522, 9.71392, 7.3],
			"to": [10.49522, 11.11392, 8.7],
			"rotation": {"angle": -45, "axis": "x", "origin": [10.49522, 10.41392, 8]},
			"faces": {
				"north": {"uv": [8, 8, 8.25, 8.75], "texture": "#5"},
				"east": {"uv": [8, 0, 8.75, 0.75], "texture": "#5"},
				"south": {"uv": [1, 8.5, 1.25, 9.25], "texture": "#5"},
				"west": {"uv": [8, 1, 8.75, 1.75], "texture": "#5"},
				"up": {"uv": [1.75, 9.25, 1.5, 8.5], "texture": "#5"},
				"down": {"uv": [2.25, 8.5, 2, 9.25], "texture": "#5"}
			}
		},
		{
			"from": [10.28144, 8.18739, 7.5],
			"to": [11.28144, 10.68739, 8.5],
			"rotation": {"angle": 45, "axis": "z", "origin": [8.13144, 7.83739, 8]},
			"faces": {
				"north": {"uv": [7.5, 0, 8, 1.25], "texture": "#5"},
				"east": {"uv": [7.5, 1.5, 8, 2.75], "texture": "#5"},
				"south": {"uv": [7.5, 5, 8, 6.25], "texture": "#5"},
				"west": {"uv": [7.5, 6.5, 8, 7.75], "texture": "#5"},
				"up": {"uv": [4, 8.5, 3.5, 8], "texture": "#5"},
				"down": {"uv": [8.5, 3.5, 8, 4], "texture": "#5"}
			}
		},
		{
			"from": [2.75, 0.5, 8],
			"to": [3, 28, 8],
			"faces": {
				"north": {"uv": [0, 0, 0.25, 13.75], "texture": "#5"},
				"east": {"uv": [0, 0, 0, 13.75], "texture": "#5"},
				"south": {"uv": [0.5, 0, 0.75, 13.75], "texture": "#5"},
				"west": {"uv": [0, 0, 0, 13.75], "texture": "#5"},
				"up": {"uv": [0.25, 0, 0, 0], "texture": "#5"},
				"down": {"uv": [0.25, 0, 0, 0], "texture": "#5"}
			}
		}
	],
	"display": {
		"thirdperson_righthand": {
			"rotation": [0, 90, 0],
			"translation": [0, -7, 0],
			"scale": [0.85, 0.85, 0.85]
		},
		"thirdperson_lefthand": {
			"rotation": [0, -90, 0],
			"translation": [0, -7, 0],
			"scale": [0.85, 0.85, 0.85]
		},
		"firstperson_righthand": {
			"rotation": [0, 90, 25],
			"translation": [0, 1.6, 0.8],
			"scale": [0.68, 0.68, 0.68]
		},
		"firstperson_lefthand": {
			"rotation": [0, -90, -25],
			"translation": [0, 1.6, 0.8],
			"scale": [0.68, 0.68, 0.68]
		},
		"ground": {
			"rotation": [82.81, 2.7, -26.66],
			"translation": [0, -1.5, -3],
			"scale": [0.51172, 0.51172, 0.51172]
		},
		"gui": {
			"rotation": [-155.02, -48.1, -149.15],
			"translation": [-1.75, -2.75, 0],
			"scale": [0.55078, 0.55078, 0.55078]
		},
		"head": {
			"rotation": [0, 90, 0],
			"translation": [0, -3.25, 0]
		},
		"fixed": {
			"rotation": [0, 0, -45],
			"translation": [-0.5, -7.75, 0]
		}
	}
}