{
	"credit": "Made with Blockbench",
	"ambientocclusion": false,
	"texture_size": [8, 8],
	"textures": {
		"0": "item/amethystbow11",
		"1": "item/amethystbow12",
		"2": "item/amethystbow13",
		"3": "item/amethystbow14",
		"4": "item/amethystbow15",
		"5": "item/amethystbow16",
		"6": "item/amethystbow17",
		"7": "item/amethystbow18",
		"particle": "item/amethystbow11"
	},
	"elements": [
		{
			"from": [7.63144, 11.33739, 7.5],
			"to": [8.63144, 16.33739, 8.5],
			"rotation": {"angle": 0, "axis": "y", "origin": [5.63144, 5.33739, 8]},
			"faces": {
				"north": {"uv": [0, 0, 1, 5], "texture": "#2"},
				"east": {"uv": [1, 0, 2, 5], "texture": "#2"},
				"south": {"uv": [2, 0, 3, 5], "texture": "#2"},
				"west": {"uv": [3, 0, 4, 5], "texture": "#2"},
				"up": {"uv": [7, 1, 6, 0], "texture": "#2"},
				"down": {"uv": [7, 1, 6, 2], "texture": "#2"}
			}
		},
		{
			"from": [6.03144, 15.23739, 7.5],
			"to": [7.03144, 17.73739, 8.5],
			"rotation": {"angle": -45, "axis": "z", "origin": [8.13144, 13.83739, 8]},
			"faces": {
				"north": {"uv": [4, 0, 5, 3], "texture": "#2"},
				"east": {"uv": [4, 3, 5, 6], "texture": "#2"},
				"south": {"uv": [0, 5, 1, 8], "texture": "#2"},
				"west": {"uv": [5, 0, 6, 3], "texture": "#2"},
				"up": {"uv": [7, 3, 6, 2], "texture": "#2"},
				"down": {"uv": [7, 3, 6, 4], "texture": "#2"}
			}
		},
		{
			"from": [8.79522, 16.71392, 6.7],
			"to": [10.19522, 19.21392, 9.3],
			"rotation": {"angle": -45, "axis": "x", "origin": [9.64522, 17.96392, 8]},
			"faces": {
				"north": {"uv": [0, 6, 1, 9], "texture": "#3"},
				"east": {"uv": [0, 0, 3, 3], "texture": "#3"},
				"south": {"uv": [1, 6, 2, 9], "texture": "#3"},
				"west": {"uv": [0, 3, 3, 6], "texture": "#3"},
				"up": {"uv": [3, 9, 2, 6], "texture": "#3"},
				"down": {"uv": [4, 6, 3, 9], "texture": "#3"}
			}
		},
		{
			"from": [10.04522, 16.96392, 6.95],
			"to": [10.44522, 18.96392, 9.05],
			"rotation": {"angle": -45, "axis": "x", "origin": [9.64522, 17.96392, 8]},
			"faces": {
				"north": {"uv": [2, 0, 3, 2], "texture": "#1"},
				"east": {"uv": [0, 0, 2, 2], "texture": "#1"},
				"south": {"uv": [2, 2, 3, 4], "texture": "#1"},
				"west": {"uv": [0, 2, 2, 4], "texture": "#1"},
				"up": {"uv": [4, 2, 3, 0], "texture": "#1"},
				"down": {"uv": [4, 2, 3, 4], "texture": "#1"}
			}
		},
		{
			"from": [8.74522, 18.46392, 7.5],
			"to": [9.74522, 24.96392, 8.5],
			"rotation": {"angle": 22.5, "axis": "z", "origin": [10.99522, 18.96392, 8]},
			"faces": {
				"north": {"uv": [0, 0, 1, 7], "texture": "#4"},
				"east": {"uv": [1, 0, 2, 7], "texture": "#4"},
				"south": {"uv": [2, 0, 3, 7], "texture": "#4"},
				"west": {"uv": [3, 0, 4, 7], "texture": "#4"},
				"up": {"uv": [9, 1, 8, 0], "texture": "#4"},
				"down": {"uv": [9, 1, 8, 2], "texture": "#4"}
			}
		},
		{
			"from": [11.09522, 24.91392, 7.5],
			"to": [12.09522, 31.41392, 8.5],
			"rotation": {"angle": 45, "axis": "z", "origin": [10.99522, 18.96392, 8]},
			"faces": {
				"north": {"uv": [4, 0, 5, 7], "texture": "#4"},
				"east": {"uv": [5, 0, 6, 7], "texture": "#4"},
				"south": {"uv": [6, 0, 7, 7], "texture": "#4"},
				"west": {"uv": [0, 7, 1, 14], "texture": "#4"},
				"up": {"uv": [9, 3, 8, 2], "texture": "#4"},
				"down": {"uv": [9, 3, 8, 4], "texture": "#4"}
			}
		},
		{
			"from": [8.74522, 3.21087, 7.5],
			"to": [9.74522, 9.71087, 8.5],
			"rotation": {"angle": -22.5, "axis": "z", "origin": [10.99522, 9.21087, 8]},
			"faces": {
				"north": {"uv": [4, 7, 5, 14], "texture": "#4"},
				"east": {"uv": [5, 7, 6, 14], "texture": "#4"},
				"south": {"uv": [6, 7, 7, 14], "texture": "#4"},
				"west": {"uv": [7, 7, 8, 14], "texture": "#4"},
				"up": {"uv": [9, 7, 8, 6], "texture": "#4"},
				"down": {"uv": [9, 7, 8, 8], "texture": "#4"}
			}
		},
		{
			"from": [-1.45478, 8.11087, 7.5],
			"to": [5.04522, 9.11087, 8.5],
			"rotation": {"angle": 45, "axis": "z", "origin": [10.99522, 9.21087, 8]},
			"faces": {
				"north": {"uv": [7, 0, 8, 7], "rotation": 270, "texture": "#4"},
				"east": {"uv": [9, 5, 8, 4], "rotation": 90, "texture": "#4"},
				"south": {"uv": [2, 7, 3, 14], "rotation": 90, "texture": "#4"},
				"west": {"uv": [9, 5, 8, 6], "rotation": 90, "texture": "#4"},
				"up": {"uv": [3, 7, 4, 14], "rotation": 90, "texture": "#4"},
				"down": {"uv": [1, 7, 2, 14], "rotation": 90, "texture": "#4"}
			}
		},
		{
			"from": [8.59522, 9.41392, 7],
			"to": [10.19522, 11.41392, 9],
			"rotation": {"angle": -45, "axis": "x", "origin": [10.49522, 10.41392, 8]},
			"faces": {
				"north": {"uv": [3, 0, 5, 2], "texture": "#3"},
				"east": {"uv": [3, 2, 5, 4], "texture": "#3"},
				"south": {"uv": [3, 4, 5, 6], "texture": "#3"},
				"west": {"uv": [5, 0, 7, 2], "texture": "#3"},
				"up": {"uv": [7, 4, 5, 2], "texture": "#3"},
				"down": {"uv": [7, 4, 5, 6], "texture": "#3"}
			}
		},
		{
			"from": [10.19522, 9.71392, 7.3],
			"to": [10.49522, 11.11392, 8.7],
			"rotation": {"angle": -45, "axis": "x", "origin": [10.49522, 10.41392, 8]},
			"faces": {
				"north": {"uv": [0, 4, 1, 5], "texture": "#1"},
				"east": {"uv": [4, 0, 5, 1], "texture": "#1"},
				"south": {"uv": [1, 4, 2, 5], "texture": "#1"},
				"west": {"uv": [4, 1, 5, 2], "texture": "#1"},
				"up": {"uv": [3, 5, 2, 4], "texture": "#1"},
				"down": {"uv": [5, 2, 4, 3], "texture": "#1"}
			}
		},
		{
			"from": [10.28144, 8.18739, 7.5],
			"to": [11.28144, 10.68739, 8.5],
			"rotation": {"angle": 45, "axis": "z", "origin": [8.13144, 7.83739, 8]},
			"faces": {
				"north": {"uv": [1, 5, 2, 8], "texture": "#2"},
				"east": {"uv": [2, 5, 3, 8], "texture": "#2"},
				"south": {"uv": [3, 5, 4, 8], "texture": "#2"},
				"west": {"uv": [5, 3, 6, 6], "texture": "#2"},
				"up": {"uv": [5, 7, 4, 6], "texture": "#2"},
				"down": {"uv": [7, 4, 6, 5], "texture": "#2"}
			}
		},
		{
			"from": [0.04402, 13.28281, 8],
			"to": [0.29402, 28.53281, 8],
			"rotation": {"angle": -22.5, "axis": "z", "origin": [0.16902, 20.78281, 8]},
			"faces": {
				"north": {"uv": [0, 0, 0.5, 14], "texture": "#0"},
				"east": {"uv": [0, 0, 0, 14], "texture": "#0"},
				"south": {"uv": [0.5, 0, 1, 14], "texture": "#0"},
				"west": {"uv": [0, 0, 0, 14], "texture": "#0"},
				"up": {"uv": [0.5, 0, 0, 0], "texture": "#0"},
				"down": {"uv": [0.5, 0, 0, 0], "texture": "#0"}
			}
		},
		{
			"from": [-2.5, 1.5, 8],
			"to": [-2.25, 16.1, 8],
			"rotation": {"angle": 22.5, "axis": "z", "origin": [2.875, 14.25, 8]},
			"faces": {
				"north": {"uv": [0, 0, 0.5, 14], "texture": "#0"},
				"east": {"uv": [0, 0, 0, 14], "texture": "#0"},
				"south": {"uv": [0.5, 0, 1, 14], "texture": "#0"},
				"west": {"uv": [0, 0, 0, 14], "texture": "#0"},
				"up": {"uv": [0.5, 0, 0, 0], "texture": "#0"},
				"down": {"uv": [0.5, 0, 0, 0], "texture": "#0"}
			}
		},
		{
			"from": [-3.5, 13.5, 7.25],
			"to": [14.5, 14.25, 8],
			"faces": {
				"north": {"uv": [0, 0, 9, 0.5], "texture": "#5"},
				"east": {"uv": [0, 2, 0.5, 2.5], "texture": "#5"},
				"south": {"uv": [0, 0.5, 9, 1], "texture": "#5"},
				"west": {"uv": [0.5, 2, 1, 2.5], "texture": "#5"},
				"up": {"uv": [9, 1.5, 0, 1], "texture": "#5"},
				"down": {"uv": [9, 1.5, 0, 2], "texture": "#5"}
			}
		},
		{
			"from": [-4, 12.5, 7.5],
			"to": [-2.5, 13.75, 7.75],
			"faces": {
				"north": {"uv": [2, 4, 3.5, 5.5], "texture": "#6"},
				"east": {"uv": [7, 1, 7.5, 2.5], "texture": "#6"},
				"south": {"uv": [4, 2, 5.5, 3.5], "texture": "#6"},
				"west": {"uv": [3, 7, 3.5, 8.5], "texture": "#6"},
				"up": {"uv": [5.5, 7.5, 4, 7], "texture": "#6"},
				"down": {"uv": [7.5, 7, 6, 7.5], "texture": "#6"}
			}
		},
		{
			"from": [-4, 14, 7.5],
			"to": [-2.5, 15.25, 7.75],
			"faces": {
				"north": {"uv": [2, 0, 3.5, 1.5], "texture": "#6"},
				"east": {"uv": [6, 1, 6.5, 2.5], "texture": "#6"},
				"south": {"uv": [2, 2, 3.5, 3.5], "texture": "#6"},
				"west": {"uv": [2, 6, 2.5, 7.5], "texture": "#6"},
				"up": {"uv": [4.5, 6.5, 3, 6], "texture": "#6"},
				"down": {"uv": [7.5, 3, 6, 3.5], "texture": "#6"}
			}
		},
		{
			"from": [-4, 13.75, 6.25],
			"to": [-2.5, 14, 7.5],
			"rotation": {"angle": 0, "axis": "x", "origin": [-3.25, 13.875, 7.625]},
			"faces": {
				"north": {"uv": [6, 4, 7.5, 4.5], "texture": "#6"},
				"east": {"uv": [5, 6, 6.5, 6.5], "texture": "#6"},
				"south": {"uv": [6, 5, 7.5, 5.5], "texture": "#6"},
				"west": {"uv": [0, 7, 1.5, 7.5], "texture": "#6"},
				"up": {"uv": [1.5, 5.5, 0, 4], "texture": "#6"},
				"down": {"uv": [5.5, 0, 4, 1.5], "texture": "#6"}
			}
		},
		{
			"from": [-4, 13.75, 7.75],
			"to": [-2.5, 14, 9],
			"rotation": {"angle": 0, "axis": "x", "origin": [-3.25, 13.875, 7.625]},
			"faces": {
				"north": {"uv": [4, 4, 5.5, 4.5], "texture": "#6"},
				"east": {"uv": [4, 5, 5.5, 5.5], "texture": "#6"},
				"south": {"uv": [0, 6, 1.5, 6.5], "texture": "#6"},
				"west": {"uv": [6, 0, 7.5, 0.5], "texture": "#6"},
				"up": {"uv": [1.5, 1.5, 0, 0], "texture": "#6"},
				"down": {"uv": [1.5, 2, 0, 3.5], "texture": "#6"}
			}
		},
		{
			"from": [13.05, 12.75, 7.5],
			"to": [14.55, 13.75, 7.75],
			"faces": {
				"north": {"uv": [0, 8, 3, 10], "texture": "#7"},
				"east": {"uv": [12, 6, 12.5, 8], "texture": "#7"},
				"south": {"uv": [8, 0, 11, 2], "texture": "#7"},
				"west": {"uv": [8, 12, 8.5, 14], "texture": "#7"},
				"up": {"uv": [7, 10.5, 4, 10], "texture": "#7"},
				"down": {"uv": [11, 10, 8, 10.5], "texture": "#7"}
			}
		},
		{
			"from": [13.05, 13.75, 6.5],
			"to": [14.55, 14, 7.75],
			"rotation": {"angle": 0, "axis": "x", "origin": [-3.25, 13.875, 7.625]},
			"faces": {
				"north": {"uv": [8, 2, 11, 2.5], "texture": "#7"},
				"east": {"uv": [0, 12, 2.5, 12.5], "texture": "#7"},
				"south": {"uv": [4, 8, 7, 8.5], "texture": "#7"},
				"west": {"uv": [12, 0, 14.5, 0.5], "texture": "#7"},
				"up": {"uv": [3, 2.5, 0, 0], "texture": "#7"},
				"down": {"uv": [3, 4, 0, 6.5], "texture": "#7"}
			}
		},
		{
			"from": [13.05, 14, 7.5],
			"to": [14.55, 15, 7.75],
			"faces": {
				"north": {"uv": [4, 4, 7, 6], "texture": "#7"},
				"east": {"uv": [12, 4, 12.5, 6], "texture": "#7"},
				"south": {"uv": [4, 6, 7, 8], "texture": "#7"},
				"west": {"uv": [6, 12, 6.5, 14], "texture": "#7"},
				"up": {"uv": [11, 8.5, 8, 8], "texture": "#7"},
				"down": {"uv": [3, 10, 0, 10.5], "texture": "#7"}
			}
		},
		{
			"from": [13.05, 13.75, 7.75],
			"to": [14.55, 14, 8.75],
			"rotation": {"angle": 0, "axis": "x", "origin": [-3.25, 13.875, 7.625]},
			"faces": {
				"north": {"uv": [8, 4, 11, 4.5], "texture": "#7"},
				"east": {"uv": [12, 2, 14, 2.5], "texture": "#7"},
				"south": {"uv": [8, 6, 11, 6.5], "texture": "#7"},
				"west": {"uv": [4, 12, 6, 12.5], "texture": "#7"},
				"up": {"uv": [7, 2, 4, 0], "texture": "#7"},
				"down": {"uv": [7, 2, 4, 4], "texture": "#7"}
			}
		}
	],
	"display": {
		"thirdperson_righthand": {
			"rotation": [0, 90, 55],
			"translation": [0, 4, 2.5],
			"scale": [0.85, 0.85, 0.85]
		},
		"thirdperson_lefthand": {
			"rotation": [0, -90, -55],
			"translation": [0, 4, 2.5],
			"scale": [0.85, 0.85, 0.85]
		},
		"firstperson_righthand": {
			"rotation": [0, 90, 25],
			"translation": [0, 1.6, 0.8],
			"scale": [0.68, 0.68, 0.68]
		},
		"firstperson_lefthand": {
			"rotation": [0, -90, -25],
			"translation": [0, 1.6, 0.8],
			"scale": [0.68, 0.68, 0.68]
		}
	}
}