{
	"credit": "Made with Blockbench",
	"ambientocclusion": false,
	"texture_size": [32, 32],
	"textures": {
		"0": "item/amethystaxe1",
		"1": "item/amethystaxe2",
		"2": "item/amethystaxe3",
		"3": "item/amethystaxe4",
		"particle": "item/amethystaxe1"
	},
	"elements": [
		{
			"from": [7.19327, 11.95, 7.4],
			"to": [8.79327, 18.75, 8.6],
			"rotation": {"angle": 0, "axis": "y", "origin": [-0.50673, 3.5, -0.5]},
			"faces": {
				"north": {"uv": [0, 0, 2, 7], "texture": "#0"},
				"east": {"uv": [7, 0, 8, 7], "texture": "#0"},
				"south": {"uv": [2, 0, 4, 7], "texture": "#0"},
				"west": {"uv": [1, 7, 2, 14], "texture": "#0"},
				"up": {"uv": [10, 1, 8, 0], "texture": "#0"},
				"down": {"uv": [10, 1, 8, 2], "texture": "#0"}
			}
		},
		{
			"from": [7.24327, 20.45, 7.4],
			"to": [8.74327, 22.25, 8.6],
			"rotation": {"angle": 0, "axis": "y", "origin": [-0.50673, 3.5, -0.5]},
			"faces": {
				"north": {"uv": [2, 7, 4, 9], "texture": "#0"},
				"east": {"uv": [8, 2, 9, 4], "texture": "#0"},
				"south": {"uv": [7, 7, 9, 9], "texture": "#0"},
				"west": {"uv": [4, 8, 5, 10], "texture": "#0"},
				"up": {"uv": [10, 5, 8, 4], "texture": "#0"},
				"down": {"uv": [7, 8, 5, 9], "texture": "#0"}
			}
		},
		{
			"from": [6.49327, 18.29289, 7.3],
			"to": [9.49327, 21.29289, 8.7],
			"rotation": {"angle": 45, "axis": "z", "origin": [7.99327, 19.79289, 8]},
			"faces": {
				"north": {"uv": [3, 0, 6, 3], "texture": "#1"},
				"east": {"uv": [5, 6, 6, 9], "texture": "#1"},
				"south": {"uv": [3, 3, 6, 6], "texture": "#1"},
				"west": {"uv": [6, 5, 7, 8], "texture": "#1"},
				"up": {"uv": [10, 6, 7, 5], "texture": "#1"},
				"down": {"uv": [10, 6, 7, 7], "texture": "#1"}
			}
		},
		{
			"from": [6.95791, 18.87825, 7.1],
			"to": [8.95791, 20.77825, 8.9],
			"rotation": {"angle": 45, "axis": "z", "origin": [7.95791, 19.82825, 8]},
			"faces": {
				"north": {"uv": [5, 4, 7, 6], "texture": "#2"},
				"east": {"uv": [0, 6, 2, 8], "texture": "#2"},
				"south": {"uv": [2, 6, 4, 8], "texture": "#2"},
				"west": {"uv": [4, 6, 6, 8], "texture": "#2"},
				"up": {"uv": [8, 8, 6, 6], "texture": "#2"},
				"down": {"uv": [9, 4, 7, 6], "texture": "#2"}
			}
		},
		{
			"from": [7.34327, 3.75, 7.5],
			"to": [8.64327, 11.95, 8.5],
			"rotation": {"angle": 0, "axis": "y", "origin": [-0.50673, 0.75, -0.5]},
			"faces": {
				"north": {"uv": [4, 0, 5, 8], "texture": "#0"},
				"east": {"uv": [5, 0, 6, 8], "texture": "#0"},
				"south": {"uv": [6, 0, 7, 8], "texture": "#0"},
				"west": {"uv": [0, 7, 1, 15], "texture": "#0"},
				"up": {"uv": [9, 6, 8, 5], "texture": "#0"},
				"down": {"uv": [9, 6, 8, 7], "texture": "#0"}
			}
		},
		{
			"from": [6.99327, 1.25, 7],
			"to": [9.49327, 3.75, 9],
			"rotation": {"angle": 45, "axis": "z", "origin": [7.99327, 2.25, 8]},
			"faces": {
				"north": {"uv": [0, 0, 3, 3], "texture": "#2"},
				"east": {"uv": [3, 0, 5, 3], "texture": "#2"},
				"south": {"uv": [0, 3, 3, 6], "texture": "#2"},
				"west": {"uv": [3, 3, 5, 6], "texture": "#2"},
				"up": {"uv": [8, 2, 5, 0], "texture": "#2"},
				"down": {"uv": [8, 2, 5, 4], "texture": "#2"}
			}
		},
		{
			"from": [6.74327, 1, 7.25],
			"to": [9.74327, 4, 8.75],
			"rotation": {"angle": 45, "axis": "z", "origin": [7.99327, 2.25, 8]},
			"faces": {
				"north": {"uv": [0, 0, 3, 3], "texture": "#1"},
				"east": {"uv": [0, 6, 2, 9], "texture": "#1"},
				"south": {"uv": [0, 3, 3, 6], "texture": "#1"},
				"west": {"uv": [6, 0, 8, 3], "texture": "#1"},
				"up": {"uv": [5, 8, 2, 6], "texture": "#1"},
				"down": {"uv": [9, 3, 6, 5], "texture": "#1"}
			}
		},
		{
			"from": [4.16, 20.234, 7.36],
			"to": [13.12, 21.514, 8.64],
			"rotation": {"angle": 22.5, "axis": "z", "origin": [11.2, 19.594, 8]},
			"faces": {
				"north": {"uv": [3, 1, 7.5, 1.5], "texture": "#3"},
				"east": {"uv": [5, 7.5, 5.5, 8], "texture": "#3"},
				"south": {"uv": [3, 1.5, 7.5, 2], "texture": "#3"},
				"west": {"uv": [5.5, 7.5, 6, 8], "texture": "#3"},
				"up": {"uv": [7.5, 2.5, 3, 2], "texture": "#3"},
				"down": {"uv": [4.5, 3.5, 0, 4], "texture": "#3"}
			}
		},
		{
			"from": [13.184, 19.402, 7.36],
			"to": [17.024, 20.682, 8.64],
			"rotation": {"angle": 45, "axis": "z", "origin": [11.2, 19.594, 8]},
			"faces": {
				"north": {"uv": [4.5, 3.5, 6.5, 4], "texture": "#3"},
				"east": {"uv": [6, 7.5, 6.5, 8], "texture": "#3"},
				"south": {"uv": [4, 5, 6, 5.5], "texture": "#3"},
				"west": {"uv": [6.5, 7.5, 7, 8], "texture": "#3"},
				"up": {"uv": [7, 4.5, 5, 4], "texture": "#3"},
				"down": {"uv": [7, 4.5, 5, 5], "texture": "#3"}
			}
		},
		{
			"from": [14.34776, 18.57533, 7.36],
			"to": [15.62776, 22.79933, 8.64],
			"rotation": {"angle": 22.5, "axis": "z", "origin": [13.64376, 22.67133, 8]},
			"faces": {
				"north": {"uv": [0, 5.5, 0.5, 7.5], "texture": "#3"},
				"east": {"uv": [0.5, 5.5, 1, 7.5], "texture": "#3"},
				"south": {"uv": [1, 5.5, 1.5, 7.5], "texture": "#3"},
				"west": {"uv": [1.5, 5.5, 2, 7.5], "texture": "#3"},
				"up": {"uv": [8, 7, 7.5, 6.5], "texture": "#3"},
				"down": {"uv": [7.5, 7.5, 7, 8], "texture": "#3"}
			}
		},
		{
			"from": [4.16, 17.802, 7.36],
			"to": [13.12, 19.082, 8.64],
			"rotation": {"angle": -22.5, "axis": "z", "origin": [11.2, 19.722, 8]},
			"faces": {
				"north": {"uv": [0, 2.5, 4.5, 3], "texture": "#3"},
				"east": {"uv": [4, 7.5, 4.5, 8], "texture": "#3"},
				"south": {"uv": [0, 3, 4.5, 3.5], "texture": "#3"},
				"west": {"uv": [4.5, 7.5, 5, 8], "texture": "#3"},
				"up": {"uv": [7.5, 0.5, 3, 0], "texture": "#3"},
				"down": {"uv": [7.5, 0.5, 3, 1], "texture": "#3"}
			}
		},
		{
			"from": [3.4755, 18.78204, 7.488],
			"to": [5.9015, 21.20804, 8.512],
			"rotation": {"angle": -45, "axis": "z", "origin": [4.3075, 19.80604, 8]},
			"faces": {
				"north": {"uv": [4, 4, 5, 5], "texture": "#3"},
				"east": {"uv": [3, 7, 3.5, 8], "texture": "#3"},
				"south": {"uv": [4.5, 2.5, 5.5, 3.5], "texture": "#3"},
				"west": {"uv": [3.5, 7, 4, 8], "texture": "#3"},
				"up": {"uv": [7, 7.5, 6, 7], "texture": "#3"},
				"down": {"uv": [8, 6, 7, 6.5], "texture": "#3"}
			}
		},
		{
			"from": [13.184, 18.634, 7.36],
			"to": [17.024, 19.914, 8.64],
			"rotation": {"angle": -45, "axis": "z", "origin": [11.2, 19.722, 8]},
			"faces": {
				"north": {"uv": [2, 6.5, 4, 7], "texture": "#3"},
				"east": {"uv": [0.5, 8, 1, 8.5], "texture": "#3"},
				"south": {"uv": [6.5, 2.5, 8.5, 3], "texture": "#3"},
				"west": {"uv": [8, 0.5, 8.5, 1], "texture": "#3"},
				"up": {"uv": [8.5, 3.5, 6.5, 3], "texture": "#3"},
				"down": {"uv": [8.5, 3.5, 6.5, 4], "texture": "#3"}
			}
		},
		{
			"from": [14.34776, 16.51667, 7.36],
			"to": [15.62776, 20.74067, 8.64],
			"rotation": {"angle": -22.5, "axis": "z", "origin": [13.64376, 16.64467, 8]},
			"faces": {
				"north": {"uv": [4, 5.5, 4.5, 7.5], "texture": "#3"},
				"east": {"uv": [4.5, 5.5, 5, 7.5], "texture": "#3"},
				"south": {"uv": [5, 5.5, 5.5, 7.5], "texture": "#3"},
				"west": {"uv": [5.5, 5.5, 6, 7.5], "texture": "#3"},
				"up": {"uv": [8, 7.5, 7.5, 7], "texture": "#3"},
				"down": {"uv": [8, 7.5, 7.5, 8], "texture": "#3"}
			}
		},
		{
			"from": [9.8, 18.3, 7.45],
			"to": [12.8, 21, 8.55],
			"faces": {
				"north": {"uv": [0, 4, 1.5, 5.5], "texture": "#3"},
				"east": {"uv": [2, 7, 2.5, 8.5], "texture": "#3"},
				"south": {"uv": [1.5, 4, 3, 5.5], "texture": "#3"},
				"west": {"uv": [2.5, 7, 3, 8.5], "texture": "#3"},
				"up": {"uv": [8.5, 4.5, 7, 4], "texture": "#3"},
				"down": {"uv": [8.5, 4.5, 7, 5], "texture": "#3"}
			}
		},
		{
			"from": [12.8, 17.4, 7.45],
			"to": [15.8, 21.9, 8.55],
			"faces": {
				"north": {"uv": [0, 0, 1.5, 2.5], "texture": "#3"},
				"east": {"uv": [3, 4, 3.5, 6.5], "texture": "#3"},
				"south": {"uv": [1.5, 0, 3, 2.5], "texture": "#3"},
				"west": {"uv": [3.5, 4, 4, 6.5], "texture": "#3"},
				"up": {"uv": [8.5, 5.5, 7, 5], "texture": "#3"},
				"down": {"uv": [8.5, 5.5, 7, 6], "texture": "#3"}
			}
		},
		{
			"from": [13.55, 21.9, 7.45],
			"to": [15.3, 23.4, 8.55],
			"faces": {
				"north": {"uv": [2, 5.5, 3, 6.5], "texture": "#3"},
				"east": {"uv": [7, 6.5, 7.5, 7.5], "texture": "#3"},
				"south": {"uv": [5.5, 2.5, 6.5, 3.5], "texture": "#3"},
				"west": {"uv": [0, 7.5, 0.5, 8.5], "texture": "#3"},
				"up": {"uv": [8.5, 0.5, 7.5, 0], "texture": "#3"},
				"down": {"uv": [1.5, 7.5, 0.5, 8], "texture": "#3"}
			}
		},
		{
			"from": [13.55, 15.9, 7.45],
			"to": [15.3, 17.4, 8.55],
			"faces": {
				"north": {"uv": [6, 5, 7, 6], "texture": "#3"},
				"east": {"uv": [7.5, 0.5, 8, 1.5], "texture": "#3"},
				"south": {"uv": [6, 6, 7, 7], "texture": "#3"},
				"west": {"uv": [1.5, 7.5, 2, 8.5], "texture": "#3"},
				"up": {"uv": [8.5, 2, 7.5, 1.5], "texture": "#3"},
				"down": {"uv": [8.5, 2, 7.5, 2.5], "texture": "#3"}
			}
		}
	],
	"display": {
		"thirdperson_righthand": {
			"rotation": [-47.75, 89, 53.44],
			"translation": [0, -3.5, 0.5]
		},
		"thirdperson_lefthand": {
			"rotation": [-47.75, 89, 53.44],
			"translation": [0, -3.5, 0.5],
			"scale": [-1, 1, 1]
		},
		"firstperson_righthand": {
			"rotation": [-6, 79, 0],
			"translation": [4.75, -5, 0]
		},
		"firstperson_lefthand": {
			"rotation": [0, 73, 0],
			"translation": [5.25, -6.75, -1.25],
			"scale": [-1, 1, 1]
		},
		"ground": {
			"rotation": [89, 0, 0],
			"translation": [0.5, -1.5, -3]
		},
		"gui": {
			"rotation": [0, 0, -45],
			"translation": [-4.25, -4.25, 0],
			"scale": [0.76172, 0.76172, 0.76172]
		},
		"head": {
			"translation": [0, 19.25, 0],
			"scale": [1, -1, 1]
		},
		"fixed": {
			"translation": [0, -3.25, -0.75],
			"scale": [0.92383, 0.92383, 0.92383]
		}
	}
}