{
	"credit": "Made with Blockbench",
	"textures": {
		"0": "item/book1",
		"1": "item/book2",
		"2": "item/book3",
		"particle": "book1"
	},
	"elements": [
		{
			"from": [0, 0, 1],
			"to": [9, 0.25, 15],
			"faces": {
				"north": {"uv": [4.5, 7.75, 6.75, 7.875], "texture": "#1"},
				"east": {"uv": [7.75, 3.75, 11.75, 3.875], "texture": "#1"},
				"south": {"uv": [7.75, 4.5, 10, 4.625], "texture": "#1"},
				"west": {"uv": [7.75, 4, 11.75, 4.125], "texture": "#1"},
				"up": {"uv": [2.25, 8, 0, 4], "texture": "#1"},
				"down": {"uv": [2.25, 0, 0, 4], "texture": "#1"}
			}
		},
		{
			"from": [8.84531, 0.22969, 1],
			"to": [9.84531, 0.47969, 15],
			"rotation": {"angle": 22.5, "axis": "z", "origin": [9.5, 0.5, 8]},
			"faces": {
				"north": {"uv": [7.75, 5.75, 8, 5.875], "texture": "#1"},
				"east": {"uv": [7.25, 7.5, 11.25, 7.625], "texture": "#1"},
				"south": {"uv": [7.75, 6, 8, 6.125], "texture": "#1"},
				"west": {"uv": [7.75, 3.5, 11.75, 3.625], "texture": "#1"},
				"up": {"uv": [7.25, 5.5, 7, 1.5], "texture": "#1"},
				"down": {"uv": [7.25, 5.5, 7, 9.5], "texture": "#1"}
			}
		},
		{
			"from": [0, 1.75, 1],
			"to": [9, 2, 15],
			"rotation": {"angle": 0, "axis": "y", "origin": [0, 2, 0]},
			"faces": {
				"north": {"uv": [4.5, 7.5, 6.75, 7.625], "texture": "#1"},
				"east": {"uv": [7.25, 3, 11.25, 3.125], "texture": "#1"},
				"south": {"uv": [7.75, 4.25, 10, 4.375], "texture": "#1"},
				"west": {"uv": [7.25, 3.25, 11.25, 3.375], "texture": "#1"},
				"up": {"uv": [2.25, 4, 0, 0], "texture": "#1"},
				"down": {"uv": [2.25, 4, 0, 8], "texture": "#1"}
			}
		},
		{
			"from": [9.67969, 0.37734, 1],
			"to": [9.92969, 1.625, 15],
			"rotation": {"angle": 0, "axis": "y", "origin": [0, 2, 0]},
			"faces": {
				"north": {"uv": [7.75, 5.25, 7.875, 5.5], "texture": "#1"},
				"east": {"uv": [7, 1, 11, 1.25], "texture": "#1"},
				"south": {"uv": [7.75, 5.5, 7.875, 5.75], "texture": "#1"},
				"west": {"uv": [7, 1.25, 11, 1.5], "texture": "#1"},
				"up": {"uv": [7.375, 7.5, 7.25, 3.5], "texture": "#1"},
				"down": {"uv": [7.625, 3.5, 7.5, 7.5], "texture": "#1"}
			}
		},
		{
			"from": [8.84531, 1.52031, 1],
			"to": [9.84531, 1.77031, 15],
			"rotation": {"angle": -22.5, "axis": "z", "origin": [9.5, 1.5, 8]},
			"faces": {
				"north": {"uv": [7.75, 4.75, 8, 4.875], "texture": "#1"},
				"east": {"uv": [7.25, 2.5, 11.25, 2.625], "texture": "#1"},
				"south": {"uv": [7.75, 5, 8, 5.125], "texture": "#1"},
				"west": {"uv": [7.25, 2.75, 11.25, 2.875], "texture": "#1"},
				"up": {"uv": [7, 5, 6.75, 1], "texture": "#1"},
				"down": {"uv": [7, 5, 6.75, 9], "texture": "#1"}
			}
		},
		{
			"from": [0.5, 0.25, 1.5],
			"to": [9.6, 1.75, 14.5],
			"faces": {
				"north": {"uv": [7.25, 1.5, 9.5, 1.875], "texture": "#1"},
				"east": {"uv": [6.75, 0, 10.5, 0.375], "texture": "#1"},
				"south": {"uv": [7.25, 2, 9.5, 2.375], "texture": "#1"},
				"west": {"uv": [6.75, 0.5, 10.5, 0.875], "texture": "#1"},
				"up": {"uv": [6.75, 3.75, 4.5, 0], "texture": "#1"},
				"down": {"uv": [6.75, 3.75, 4.5, 7.5], "texture": "#1"}
			}
		},
		{
			"from": [9.6, 0.45, 1.5],
			"to": [9.7, 1.55, 14.5],
			"faces": {
				"north": {"uv": [4.5, 0.5, 4.625, 0.75], "texture": "#0"},
				"east": {"uv": [0, 4.25, 3.75, 4.5], "texture": "#0"},
				"south": {"uv": [4.5, 0.75, 4.625, 1], "texture": "#0"},
				"west": {"uv": [3.75, 4.25, 7.5, 4.5], "texture": "#0"},
				"up": {"uv": [2.375, 8.25, 2.25, 4.5], "texture": "#0"},
				"down": {"uv": [2.625, 4.5, 2.5, 8.25], "texture": "#0"}
			}
		},
		{
			"from": [-0.15, -0.15, 7],
			"to": [10, 2.15, 9],
			"rotation": {"angle": 0, "axis": "y", "origin": [7, 0, 0]},
			"faces": {
				"north": {"uv": [0, 0, 10.5, 2.5], "texture": "#2"},
				"east": {"uv": [7.5, 6, 10, 8], "rotation": 90, "texture": "#2"},
				"south": {"uv": [0, 3, 10.5, 5.5], "texture": "#2"},
				"west": {"uv": [7.5, 6, 10, 8], "rotation": 270, "texture": "#2"},
				"up": {"uv": [10.5, 8, 0, 6], "rotation": 180, "texture": "#2"},
				"down": {"uv": [10.5, 6, 0, 8], "rotation": 180, "texture": "#2"}
			}
		}
	],
	"display": {
		"thirdperson_righthand": {
			"rotation": [-82.75, 0, 0],
			"translation": [2.25, 1.75, -4],
			"scale": [0.65234, 0.65234, 0.65234]
		},
		"thirdperson_lefthand": {
			"rotation": [-82.75, 0, 0],
			"translation": [-2.25, 1.75, -4],
			"scale": [0.65234, 0.65234, 0.65234]
		},
		"firstperson_righthand": {
			"rotation": [-99, 0, 0],
			"translation": [0, 4.75, 0],
			"scale": [0.49805, 0.49805, 0.49805]
		},
		"firstperson_lefthand": {
			"rotation": [-99, 0, 0],
			"translation": [-3, 4.75, 0],
			"scale": [0.49805, 0.49805, 0.49805]
		},
		"ground": {
			"translation": [2.5, 4.5, 0]
		},
		"gui": {
			"rotation": [-86.5, -1.3, 178.44],
			"translation": [-2.5, -0.5, 0]
		},
		"head": {
			"translation": [6.75, 18, 0],
			"scale": [1.92188, 1.92188, 1.92188]
		},
		"fixed": {
			"rotation": [-90, 0, 0],
			"translation": [6, 0, -16],
			"scale": [2.00195, 2.00195, 2.00195]
		}
	}
}
