{
	"parent": "block/carved_pumpkin",
	"overrides": [
		{
			"predicate": {
				"custom_model_data": 1
			},
			"model": "item/nothing"
		},
		{
			"predicate": {
				"custom_model_data": 10
			},
			"model": "item/fancy_bookshelf"
		},
		{
			"predicate": {
				"custom_model_data": 30
			},
			"model": "item/Musroomhat"
		},
		{
			"predicate": {
				"custom_model_data": 1000
			},
			"model": "item/petpainting"
		},
		{
			"predicate": {
				"custom_model_data": 3001
			},
			"model": "item/vertin_hat"
		},
		{
			"predicate": {
				"custom_model_data": 3003
			},
			"model": "item/antlers"
		},
		{
			"predicate": {
				"custom_model_data": 3004
			},
			"model": "item/mystery"
		},
		{
			"predicate": {
				"custom_model_data": 5001
			},
			"model": "item/goggles"
		},
		{
			"predicate": {
				"custom_model_data": 6002
			},
			"model": "item/antleramulet"
		}
	]
}
