{
    "parent": "minecraft:item/handheld",
    "textures": {
        "layer0": "minecraft:item/iron_sword"
    },
    "overrides": [
        {
            "predicate": {
                "custom_model_data": 29
            },
            "model": "minecraft:item/jaxe"
        },
        {
            "predicate": {
                "custom_model_data": 3002
            },
            "model": "minecraft:item/kaiawand"
        },
        {
            "predicate": {
                "custom_model_data": 3003
            },
            "model": "minecraft:item/lylatotem"
        },
        {
            "predicate": {
                "custom_model_data": 3004
            },
            "model": "minecraft:item/runicsword"
        },
        {
            "predicate": {
                "custom_model_data": 3005
            },
            "model": "minecraft:item/amethystsword"
        },
        {
            "predicate": {
                "custom_model_data": 3006
            },
            "model": "minecraft:item/jacksword"
        },
        {
            "predicate": {
                "custom_model_data": 3007
            },
            "model": "minecraft:item/Jack_Trident"
        }
    ]
}
