{
	"credit": "Made with Blockbench",
	"texture_size": [32, 32],
	"textures": {
		"1": "jackcrystal1",
		"2": "jackcrystal2"
	},
	"elements": [
		{
			"from": [1, 1, 1],
			"to": [15, 15, 15],
			"rotation": {"angle": 0, "axis": "y", "origin": [3, 3, 3]},
			"faces": {
				"north": {"uv": [2, 2, 3.9375, 3.9375], "texture": "#missing"},
				"east": {"uv": [0, 2, 2, 4], "texture": "#missing"},
				"south": {"uv": [6, 2, 8, 4], "texture": "#missing"},
				"west": {"uv": [4, 2, 6, 4], "texture": "#missing"},
				"up": {"uv": [2, 0, 4, 2], "texture": "#missing"},
				"down": {"uv": [4, 0, 6, 2], "texture": "#missing"}
			}
		},
		{
			"from": [2, 13, -3.4],
			"to": [4, 17, -1.4],
			"rotation": {"angle": 22.5, "axis": "y", "origin": [3, 15, -2.4]},
			"faces": {
				"north": {"uv": [0, 0, 1, 2], "texture": "#2"},
				"east": {"uv": [1, 0, 2, 2], "texture": "#2"},
				"south": {"uv": [0, 2, 1, 4], "texture": "#2"},
				"west": {"uv": [2, 0, 3, 2], "texture": "#2"},
				"up": {"uv": [13, 3, 12, 2], "texture": "#2"},
				"down": {"uv": [4, 12, 3, 13], "texture": "#2"}
			}
		},
		{
			"from": [-1.75, 11, -1.15],
			"to": [0.25, 15, 0.85],
			"faces": {
				"north": {"uv": [5, 2, 6, 4], "texture": "#2"},
				"east": {"uv": [5, 4, 6, 6], "texture": "#2"},
				"south": {"uv": [0, 6, 1, 8], "texture": "#2"},
				"west": {"uv": [6, 0, 7, 2], "texture": "#2"},
				"up": {"uv": [13, 7, 12, 6], "texture": "#2"},
				"down": {"uv": [8, 12, 7, 13], "texture": "#2"}
			}
		},
		{
			"from": [-2.5, 12, 2.85],
			"to": [-0.5, 16, 4.85],
			"rotation": {"angle": 22.5, "axis": "y", "origin": [-1.5, 14, 3.85]},
			"faces": {
				"north": {"uv": [4, 6, 5, 8], "texture": "#2"},
				"east": {"uv": [6, 4, 7, 6], "texture": "#2"},
				"south": {"uv": [5, 6, 6, 8], "texture": "#2"},
				"west": {"uv": [6, 6, 7, 8], "texture": "#2"},
				"up": {"uv": [13, 9, 12, 8], "texture": "#2"},
				"down": {"uv": [10, 12, 9, 13], "texture": "#2"}
			}
		},
		{
			"from": [16, 10, 1.2],
			"to": [18, 14, 3.2],
			"faces": {
				"north": {"uv": [1, 6, 2, 8], "texture": "#2"},
				"east": {"uv": [2, 6, 3, 8], "texture": "#2"},
				"south": {"uv": [6, 2, 7, 4], "texture": "#2"},
				"west": {"uv": [3, 6, 4, 8], "texture": "#2"},
				"up": {"uv": [13, 8, 12, 7], "texture": "#2"},
				"down": {"uv": [9, 12, 8, 13], "texture": "#2"}
			}
		},
		{
			"from": [15.75, 11.45, 5.75],
			"to": [17.75, 15.45, 7.75],
			"rotation": {"angle": -22.5, "axis": "y", "origin": [16.75, 13.45, 6.75]},
			"faces": {
				"north": {"uv": [7, 0, 8, 2], "texture": "#2"},
				"east": {"uv": [7, 2, 8, 4], "texture": "#2"},
				"south": {"uv": [7, 4, 8, 6], "texture": "#2"},
				"west": {"uv": [7, 6, 8, 8], "texture": "#2"},
				"up": {"uv": [13, 10, 12, 9], "texture": "#2"},
				"down": {"uv": [11, 12, 10, 13], "texture": "#2"}
			}
		},
		{
			"from": [16.5, 9.2, 9.75],
			"to": [18.5, 13.2, 11.75],
			"faces": {
				"north": {"uv": [0, 8, 1, 10], "texture": "#2"},
				"east": {"uv": [8, 0, 9, 2], "texture": "#2"},
				"south": {"uv": [1, 8, 2, 10], "texture": "#2"},
				"west": {"uv": [2, 8, 3, 10], "texture": "#2"},
				"up": {"uv": [13, 11, 12, 10], "texture": "#2"},
				"down": {"uv": [12, 12, 11, 13], "texture": "#2"}
			}
		},
		{
			"from": [14.5, 8.7, 15.75],
			"to": [16.5, 12.7, 17.75],
			"rotation": {"angle": 22.5, "axis": "y", "origin": [15.5, 10.7, 16.75]},
			"faces": {
				"north": {"uv": [5, 8, 6, 10], "texture": "#2"},
				"east": {"uv": [6, 8, 7, 10], "texture": "#2"},
				"south": {"uv": [8, 6, 9, 8], "texture": "#2"},
				"west": {"uv": [7, 8, 8, 10], "texture": "#2"},
				"up": {"uv": [14, 1, 13, 0], "texture": "#2"},
				"down": {"uv": [14, 1, 13, 2], "texture": "#2"}
			}
		},
		{
			"from": [11, 9.95, 16.25],
			"to": [13, 13.95, 18.25],
			"faces": {
				"north": {"uv": [8, 8, 9, 10], "texture": "#2"},
				"east": {"uv": [9, 0, 10, 2], "texture": "#2"},
				"south": {"uv": [9, 2, 10, 4], "texture": "#2"},
				"west": {"uv": [9, 4, 10, 6], "texture": "#2"},
				"up": {"uv": [14, 3, 13, 2], "texture": "#2"},
				"down": {"uv": [4, 13, 3, 14], "texture": "#2"}
			}
		},
		{
			"from": [7.75, 8.95, 15.5],
			"to": [9.75, 12.95, 17.5],
			"rotation": {"angle": -22.5, "axis": "y", "origin": [8.75, 10.95, 16.5]},
			"faces": {
				"north": {"uv": [9, 6, 10, 8], "texture": "#2"},
				"east": {"uv": [9, 8, 10, 10], "texture": "#2"},
				"south": {"uv": [0, 10, 1, 12], "texture": "#2"},
				"west": {"uv": [10, 0, 11, 2], "texture": "#2"},
				"up": {"uv": [14, 4, 13, 3], "texture": "#2"},
				"down": {"uv": [5, 13, 4, 14], "texture": "#2"}
			}
		},
		{
			"from": [4.75, 10.95, 16.75],
			"to": [6.75, 14.95, 18.75],
			"faces": {
				"north": {"uv": [1, 10, 2, 12], "texture": "#2"},
				"east": {"uv": [2, 10, 3, 12], "texture": "#2"},
				"south": {"uv": [10, 2, 11, 4], "texture": "#2"},
				"west": {"uv": [3, 10, 4, 12], "texture": "#2"},
				"up": {"uv": [14, 5, 13, 4], "texture": "#2"},
				"down": {"uv": [6, 13, 5, 14], "texture": "#2"}
			}
		},
		{
			"from": [1.75, 10.45, 16],
			"to": [3.75, 14.45, 18],
			"rotation": {"angle": 22.5, "axis": "y", "origin": [2.75, 12.45, 17]},
			"faces": {
				"north": {"uv": [4, 10, 5, 12], "texture": "#2"},
				"east": {"uv": [10, 4, 11, 6], "texture": "#2"},
				"south": {"uv": [5, 10, 6, 12], "texture": "#2"},
				"west": {"uv": [6, 10, 7, 12], "texture": "#2"},
				"up": {"uv": [14, 6, 13, 5], "texture": "#2"},
				"down": {"uv": [7, 13, 6, 14], "texture": "#2"}
			}
		},
		{
			"from": [-1.5, 8.95, 15.5],
			"to": [0.5, 12.95, 17.5],
			"faces": {
				"north": {"uv": [10, 6, 11, 8], "texture": "#2"},
				"east": {"uv": [7, 10, 8, 12], "texture": "#2"},
				"south": {"uv": [8, 10, 9, 12], "texture": "#2"},
				"west": {"uv": [10, 8, 11, 10], "texture": "#2"},
				"up": {"uv": [14, 7, 13, 6], "texture": "#2"},
				"down": {"uv": [8, 13, 7, 14], "texture": "#2"}
			}
		},
		{
			"from": [-2, 9.95, 11.5],
			"to": [0, 13.95, 13.5],
			"faces": {
				"north": {"uv": [9, 10, 10, 12], "texture": "#2"},
				"east": {"uv": [10, 10, 11, 12], "texture": "#2"},
				"south": {"uv": [11, 0, 12, 2], "texture": "#2"},
				"west": {"uv": [11, 2, 12, 4], "texture": "#2"},
				"up": {"uv": [14, 8, 13, 7], "texture": "#2"},
				"down": {"uv": [9, 13, 8, 14], "texture": "#2"}
			}
		},
		{
			"from": [-3.75, 9.95, 5.75],
			"to": [-1.75, 13.95, 7.75],
			"faces": {
				"north": {"uv": [11, 4, 12, 6], "texture": "#2"},
				"east": {"uv": [11, 6, 12, 8], "texture": "#2"},
				"south": {"uv": [11, 8, 12, 10], "texture": "#2"},
				"west": {"uv": [11, 10, 12, 12], "texture": "#2"},
				"up": {"uv": [14, 9, 13, 8], "texture": "#2"},
				"down": {"uv": [10, 13, 9, 14], "texture": "#2"}
			}
		},
		{
			"from": [-2.75, 11.2, 8.5],
			"to": [-0.75, 15.2, 10.5],
			"rotation": {"angle": -45, "axis": "y", "origin": [-1.75, 13.2, 9.5]},
			"faces": {
				"north": {"uv": [0, 12, 1, 14], "texture": "#2"},
				"east": {"uv": [12, 0, 13, 2], "texture": "#2"},
				"south": {"uv": [1, 12, 2, 14], "texture": "#2"},
				"west": {"uv": [2, 12, 3, 14], "texture": "#2"},
				"up": {"uv": [14, 10, 13, 9], "texture": "#2"},
				"down": {"uv": [11, 13, 10, 14], "texture": "#2"}
			}
		},
		{
			"from": [17.5, 10.4, 12.5],
			"to": [19.5, 14.4, 14.5],
			"rotation": {"angle": -45, "axis": "y", "origin": [18.5, 12.4, 13.5]},
			"faces": {
				"north": {"uv": [8, 2, 9, 4], "texture": "#2"},
				"east": {"uv": [3, 8, 4, 10], "texture": "#2"},
				"south": {"uv": [4, 8, 5, 10], "texture": "#2"},
				"west": {"uv": [8, 4, 9, 6], "texture": "#2"},
				"up": {"uv": [13, 12, 12, 11], "texture": "#2"},
				"down": {"uv": [13, 12, 12, 13], "texture": "#2"}
			}
		},
		{
			"from": [5, 14, -2.15],
			"to": [7, 18, -0.15],
			"faces": {
				"north": {"uv": [1, 2, 2, 4], "texture": "#2"},
				"east": {"uv": [2, 2, 3, 4], "texture": "#2"},
				"south": {"uv": [3, 0, 4, 2], "texture": "#2"},
				"west": {"uv": [3, 2, 4, 4], "texture": "#2"},
				"up": {"uv": [13, 4, 12, 3], "texture": "#2"},
				"down": {"uv": [5, 12, 4, 13], "texture": "#2"}
			}
		},
		{
			"from": [9.5, 11.5, -3.4],
			"to": [11.5, 15.5, -1.4],
			"rotation": {"angle": -22.5, "axis": "y", "origin": [10.5, 13.5, -2.4]},
			"faces": {
				"north": {"uv": [0, 4, 1, 6], "texture": "#2"},
				"east": {"uv": [4, 0, 5, 2], "texture": "#2"},
				"south": {"uv": [1, 4, 2, 6], "texture": "#2"},
				"west": {"uv": [2, 4, 3, 6], "texture": "#2"},
				"up": {"uv": [13, 5, 12, 4], "texture": "#2"},
				"down": {"uv": [6, 12, 5, 13], "texture": "#2"}
			}
		},
		{
			"from": [12.5, 13, -1.65],
			"to": [14.5, 17, 0.35],
			"faces": {
				"north": {"uv": [4, 2, 5, 4], "texture": "#2"},
				"east": {"uv": [3, 4, 4, 6], "texture": "#2"},
				"south": {"uv": [4, 4, 5, 6], "texture": "#2"},
				"west": {"uv": [5, 0, 6, 2], "texture": "#2"},
				"up": {"uv": [13, 6, 12, 5], "texture": "#2"},
				"down": {"uv": [7, 12, 6, 13], "texture": "#2"}
			}
		},
		{
			"from": [8.3, 2.76016, 1.49375],
			"to": [14.3, 4.76016, 3.49375],
			"rotation": {"angle": 0, "axis": "z", "origin": [11.45, 3.4, 1.99375]},
			"faces": {
				"north": {"uv": [0, 0, 5, 2], "texture": "#1"},
				"east": {"uv": [5, 2, 7, 4], "texture": "#1"},
				"south": {"uv": [0, 2, 5, 4], "texture": "#1"},
				"west": {"uv": [5, 4, 7, 6], "texture": "#1"},
				"up": {"uv": [5, 6, 0, 4], "texture": "#1"},
				"down": {"uv": [10, 0, 5, 2], "texture": "#1"}
			}
		}
	],
	"display": {}
}