{
	"credit": "Made with Blockbench",
	"textures": {
		"0": "jack-trident1",
		"1": "jack-trident2",
		"2": "jack-trident3",
		"3": "jack-trident4",
		"4": "jack-trident5",
		"5": "jack-trident6",
		"particle": "jack-trident5"
	},
	"elements": [
		{
			"from": [7.75, -8.23603, 7.75],
			"to": [8.25, 13.26397, 8.25],
			"rotation": {"angle": -45, "axis": "y", "origin": [8, 2.51397, 8]},
			"faces": {
				"north": {"uv": [0, 0, 0.25, 10.75], "texture": "#3"},
				"east": {"uv": [0.5, 0, 0.75, 10.75], "texture": "#3"},
				"south": {"uv": [1, 0, 1.25, 10.75], "texture": "#3"},
				"west": {"uv": [1.5, 0, 1.75, 10.75], "texture": "#3"},
				"up": {"uv": [2.25, 0.25, 2, 0], "texture": "#3"},
				"down": {"uv": [2.25, 0.5, 2, 0.75], "texture": "#3"}
			}
		},
		{
			"from": [7.375, -10.23603, 7.375],
			"to": [8.625, -6.23603, 8.625],
			"rotation": {"angle": 0, "axis": "y", "origin": [7.825, -0.23603, 7.725]},
			"faces": {
				"north": {"uv": [0, 0, 1.5, 4], "texture": "#2"},
				"east": {"uv": [2, 0, 3.5, 4], "texture": "#2"},
				"south": {"uv": [0, 4, 1.5, 8], "texture": "#2"},
				"west": {"uv": [4, 0, 5.5, 4], "texture": "#2"},
				"up": {"uv": [1.5, 9.5, 0, 8], "texture": "#2"},
				"down": {"uv": [9.5, 0, 8, 1.5], "texture": "#2"}
			}
		},
		{
			"from": [7.625, 9.56397, 7.625],
			"to": [8.375, 13.31397, 8.375],
			"rotation": {"angle": 0, "axis": "y", "origin": [7.825, -0.23603, 7.725]},
			"faces": {
				"north": {"uv": [2, 4, 3, 8], "texture": "#2"},
				"east": {"uv": [3, 4, 4, 8], "texture": "#2"},
				"south": {"uv": [4, 4, 5, 8], "texture": "#2"},
				"west": {"uv": [5, 4, 6, 8], "texture": "#2"},
				"up": {"uv": [3, 9, 2, 8], "texture": "#2"},
				"down": {"uv": [9, 2, 8, 3], "texture": "#2"}
			}
		},
		{
			"from": [7.475, 9.81397, 7.475],
			"to": [8.525, 10.56397, 8.525],
			"rotation": {"angle": 0, "axis": "y", "origin": [7.825, -0.23603, 7.725]},
			"faces": {
				"north": {"uv": [9, 3, 10, 4], "texture": "#2"},
				"east": {"uv": [4, 9, 5, 10], "texture": "#2"},
				"south": {"uv": [9, 4, 10, 5], "texture": "#2"},
				"west": {"uv": [5, 9, 6, 10], "texture": "#2"},
				"up": {"uv": [10, 6, 9, 5], "texture": "#2"},
				"down": {"uv": [7, 9, 6, 10], "texture": "#2"}
			}
		},
		{
			"from": [7.625, -6.43603, 7.625],
			"to": [8.375, -2.68603, 8.375],
			"rotation": {"angle": 0, "axis": "y", "origin": [7.825, -0.23603, 7.725]},
			"faces": {
				"north": {"uv": [6, 0, 7, 4], "texture": "#2"},
				"east": {"uv": [6, 4, 7, 8], "texture": "#2"},
				"south": {"uv": [7, 0, 8, 4], "texture": "#2"},
				"west": {"uv": [7, 4, 8, 8], "texture": "#2"},
				"up": {"uv": [7, 9, 6, 8], "texture": "#2"},
				"down": {"uv": [9, 6, 8, 7], "texture": "#2"}
			}
		},
		{
			"from": [7.475, -6.18603, 7.475],
			"to": [8.525, -5.43603, 8.525],
			"rotation": {"angle": 0, "axis": "y", "origin": [7.825, -0.23603, 7.725]},
			"faces": {
				"north": {"uv": [3, 8, 4, 9], "texture": "#2"},
				"east": {"uv": [8, 3, 9, 4], "texture": "#2"},
				"south": {"uv": [4, 8, 5, 9], "texture": "#2"},
				"west": {"uv": [8, 4, 9, 5], "texture": "#2"},
				"up": {"uv": [6, 9, 5, 8], "texture": "#2"},
				"down": {"uv": [9, 5, 8, 6], "texture": "#2"}
			}
		},
		{
			"from": [7.475, -3.18603, 7.475],
			"to": [8.525, -2.43603, 8.525],
			"rotation": {"angle": 0, "axis": "y", "origin": [7.825, -0.23603, 7.725]},
			"faces": {
				"north": {"uv": [7, 8, 8, 9], "texture": "#2"},
				"east": {"uv": [8, 7, 9, 8], "texture": "#2"},
				"south": {"uv": [8, 8, 9, 9], "texture": "#2"},
				"west": {"uv": [2, 9, 3, 10], "texture": "#2"},
				"up": {"uv": [10, 3, 9, 2], "texture": "#2"},
				"down": {"uv": [4, 9, 3, 10], "texture": "#2"}
			}
		},
		{
			"from": [7.5, 11.51397, 17.75251],
			"to": [8.5, 12.01397, 21.25251],
			"rotation": {"angle": -45, "axis": "x", "origin": [7.75, -1.13603, 7.75251]},
			"faces": {
				"north": {"uv": [4, 6, 5, 6.5], "texture": "#1"},
				"east": {"uv": [4, 3, 7.5, 3.5], "texture": "#1"},
				"south": {"uv": [5, 6, 6, 6.5], "texture": "#1"},
				"west": {"uv": [4, 4, 7.5, 4.5], "texture": "#1"},
				"up": {"uv": [1, 3.5, 0, 0], "texture": "#1"},
				"down": {"uv": [2, 0, 1, 3.5], "texture": "#1"}
			}
		},
		{
			"from": [7.5, 8.51397, 17.75251],
			"to": [8.5, 9.01397, 20.75251],
			"rotation": {"angle": -45, "axis": "x", "origin": [7.75, -1.13603, 7.75251]},
			"faces": {
				"north": {"uv": [1, 7, 2, 7.5], "texture": "#1"},
				"east": {"uv": [4, 5, 7, 5.5], "texture": "#1"},
				"south": {"uv": [7, 1, 8, 1.5], "texture": "#1"},
				"west": {"uv": [6, 0, 9, 0.5], "texture": "#1"},
				"up": {"uv": [3, 6, 2, 3], "texture": "#1"},
				"down": {"uv": [4, 3, 3, 6], "texture": "#1"}
			}
		},
		{
			"from": [7.5, 9.01397, 17.75251],
			"to": [8.5, 11.51397, 18.25251],
			"rotation": {"angle": -45, "axis": "x", "origin": [7.75, -1.13603, 7.75251]},
			"faces": {
				"north": {"uv": [0, 4, 1, 6.5], "texture": "#1"},
				"east": {"uv": [2, 6, 2.5, 8.5], "texture": "#1"},
				"south": {"uv": [4, 0, 5, 2.5], "texture": "#1"},
				"west": {"uv": [3, 6, 3.5, 8.5], "texture": "#1"},
				"up": {"uv": [7, 6.5, 6, 6], "texture": "#1"},
				"down": {"uv": [1, 7, 0, 7.5], "texture": "#1"}
			}
		},
		{
			"from": [7.5, 8.51397, 20.75251],
			"to": [8.5, 11.51397, 21.25251],
			"rotation": {"angle": -45, "axis": "x", "origin": [7.75, -1.13603, 7.75251]},
			"faces": {
				"north": {"uv": [2, 0, 3, 3], "texture": "#1"},
				"east": {"uv": [1, 4, 1.5, 7], "texture": "#1"},
				"south": {"uv": [3, 0, 4, 3], "texture": "#1"},
				"west": {"uv": [5, 0, 5.5, 3], "texture": "#1"},
				"up": {"uv": [7, 1.5, 6, 1], "texture": "#1"},
				"down": {"uv": [7, 2, 6, 2.5], "texture": "#1"}
			}
		},
		{
			"from": [7.1, 14.26397, 7.20251],
			"to": [8.9, 16.06397, 9.00251],
			"rotation": {"angle": -45, "axis": "y", "origin": [8, 15.16397, 8.10251]},
			"faces": {
				"north": {"uv": [0, 0, 3.5, 3.5], "texture": "#4"},
				"east": {"uv": [0, 0, 3.5, 3.5], "texture": "#4"},
				"south": {"uv": [0, 0, 3.5, 3.5], "texture": "#4"},
				"west": {"uv": [0, 0, 3.5, 3.5], "texture": "#4"},
				"up": {"uv": [3.5, 3.5, 0, 0], "texture": "#4"},
				"down": {"uv": [3.5, 0, 0, 3.5], "texture": "#4"}
			}
		},
		{
			"from": [7.5, 19.06397, 6.35],
			"to": [8.5, 27.76397, 6.8],
			"rotation": {"angle": 0, "axis": "y", "origin": [7.75, 18.96397, 7.65]},
			"faces": {
				"north": {"uv": [0, 0, 0.5, 4.375], "texture": "#0"},
				"east": {"uv": [3.5, 4, 3.75, 8.375], "texture": "#0"},
				"south": {"uv": [0.5, 0, 1, 4.375], "texture": "#0"},
				"west": {"uv": [4, 4, 4.25, 8.375], "texture": "#0"},
				"up": {"uv": [7, 3.75, 6.5, 3.5], "texture": "#0"},
				"down": {"uv": [7, 4, 6.5, 4.25], "texture": "#0"}
			}
		},
		{
			"from": [7.5, 25.16397, 2.8],
			"to": [8.5, 27.06397, 3.55],
			"rotation": {"angle": 22.5, "axis": "x", "origin": [7.75, 18.96397, 7.65]},
			"faces": {
				"north": {"uv": [6, 0, 6.5, 1], "texture": "#0"},
				"east": {"uv": [1.5, 6, 1.875, 7], "texture": "#0"},
				"south": {"uv": [0.5, 6, 1, 7], "texture": "#0"},
				"west": {"uv": [6, 2, 6.375, 3], "texture": "#0"},
				"up": {"uv": [7, 0.875, 6.5, 0.5], "texture": "#0"},
				"down": {"uv": [7, 1, 6.5, 1.375], "texture": "#0"}
			}
		},
		{
			"from": [7.5, 19.06397, 5.55],
			"to": [8.5, 26.56397, 6.4],
			"rotation": {"angle": 0, "axis": "y", "origin": [7.75, 18.96397, 7.65]},
			"faces": {
				"north": {"uv": [2, 0, 2.5, 3.75], "texture": "#0"},
				"east": {"uv": [4, 0, 4.375, 3.75], "texture": "#0"},
				"south": {"uv": [2.5, 0, 3, 3.75], "texture": "#0"},
				"west": {"uv": [2, 4, 2.375, 7.75], "texture": "#0"},
				"up": {"uv": [6.5, 6.375, 6, 6], "texture": "#0"},
				"down": {"uv": [7, 0, 6.5, 0.375], "texture": "#0"}
			}
		},
		{
			"from": [7.5, 17.76397, 6.35],
			"to": [8.5, 20.46397, 7.6],
			"rotation": {"angle": -45, "axis": "x", "origin": [7.75, 18.86397, 7.65]},
			"faces": {
				"north": {"uv": [1.5, 4.5, 2, 5.875], "texture": "#0"},
				"east": {"uv": [0.5, 4.5, 1.125, 5.875], "texture": "#0"},
				"south": {"uv": [5, 3, 5.5, 4.375], "texture": "#0"},
				"west": {"uv": [4.5, 4.5, 5.125, 5.875], "texture": "#0"},
				"up": {"uv": [5, 6.625, 4.5, 6], "texture": "#0"},
				"down": {"uv": [5.5, 6, 5, 6.625], "texture": "#0"}
			}
		},
		{
			"from": [7.5, 17.76397, 8.4],
			"to": [8.5, 20.46397, 9.65],
			"rotation": {"angle": 45, "axis": "x", "origin": [8.25, 18.86397, 8.35]},
			"faces": {
				"north": {"uv": [5.5, 3, 6, 4.375], "texture": "#0"},
				"east": {"uv": [5, 0, 5.625, 1.375], "texture": "#0"},
				"south": {"uv": [5.5, 4.5, 6, 5.875], "texture": "#0"},
				"west": {"uv": [5, 1.5, 5.625, 2.875], "texture": "#0"},
				"up": {"uv": [6.5, 5.625, 6, 5], "texture": "#0"},
				"down": {"uv": [6, 6, 5.5, 6.625], "texture": "#0"}
			}
		},
		{
			"from": [7.5, 19.06397, 9.2],
			"to": [8.5, 27.76397, 9.65],
			"rotation": {"angle": 0, "axis": "y", "origin": [8.25, 18.96397, 10.35]},
			"faces": {
				"north": {"uv": [1, 0, 1.5, 4.375], "texture": "#0"},
				"east": {"uv": [0, 4.5, 0.25, 8.875], "texture": "#0"},
				"south": {"uv": [1.5, 0, 2, 4.375], "texture": "#0"},
				"west": {"uv": [4.5, 0, 4.75, 4.375], "texture": "#0"},
				"up": {"uv": [7, 4.75, 6.5, 4.5], "texture": "#0"},
				"down": {"uv": [7, 5, 6.5, 5.25], "texture": "#0"}
			}
		},
		{
			"from": [7.5, 25.92934, 12.60224],
			"to": [8.5, 27.82934, 13.35224],
			"rotation": {"angle": -22.5, "axis": "x", "origin": [8.25, 18.96397, 10.35]},
			"faces": {
				"north": {"uv": [1, 6, 1.5, 7], "texture": "#0"},
				"east": {"uv": [6, 3, 6.375, 4], "texture": "#0"},
				"south": {"uv": [6, 1, 6.5, 2], "texture": "#0"},
				"west": {"uv": [6, 4, 6.375, 5], "texture": "#0"},
				"up": {"uv": [7, 1.875, 6.5, 1.5], "texture": "#0"},
				"down": {"uv": [7, 2, 6.5, 2.375], "texture": "#0"}
			}
		},
		{
			"from": [7.5, 19.06397, 9.6],
			"to": [8.5, 26.56397, 10.45],
			"rotation": {"angle": 0, "axis": "y", "origin": [8.25, 18.96397, 10.35]},
			"faces": {
				"north": {"uv": [3, 0, 3.5, 3.75], "texture": "#0"},
				"east": {"uv": [2.5, 4, 2.875, 7.75], "texture": "#0"},
				"south": {"uv": [3.5, 0, 4, 3.75], "texture": "#0"},
				"west": {"uv": [3, 4, 3.375, 7.75], "texture": "#0"},
				"up": {"uv": [7, 2.875, 6.5, 2.5], "texture": "#0"},
				"down": {"uv": [7, 3, 6.5, 3.375], "texture": "#0"}
			}
		},
		{
			"from": [7.75, 8.75508, 4.87801],
			"to": [8.25, 10.25508, 5.62801],
			"rotation": {"angle": 22.5, "axis": "x", "origin": [8, 9.70508, 5.05301]},
			"faces": {
				"north": {"uv": [7, 9, 7.5, 10.5], "texture": "#5"},
				"east": {"uv": [3, 5, 3.75, 6.5], "texture": "#5"},
				"south": {"uv": [8, 9, 8.5, 10.5], "texture": "#5"},
				"west": {"uv": [4, 5, 4.75, 6.5], "texture": "#5"},
				"up": {"uv": [8.5, 12.75, 8, 12], "texture": "#5"},
				"down": {"uv": [12.5, 8, 12, 8.75], "texture": "#5"}
			}
		},
		{
			"from": [7.75, 10.7443, 4.91722],
			"to": [8.25, 11.4943, 6.41722],
			"rotation": {"angle": -45, "axis": "x", "origin": [8, 11.1193, 6.46722]},
			"faces": {
				"north": {"uv": [9, 12, 9.5, 12.75], "texture": "#5"},
				"east": {"uv": [5, 1, 6.5, 1.75], "texture": "#5"},
				"south": {"uv": [12, 9, 12.5, 9.75], "texture": "#5"},
				"west": {"uv": [5, 4, 6.5, 4.75], "texture": "#5"},
				"up": {"uv": [9.5, 9.5, 9, 8], "texture": "#5"},
				"down": {"uv": [0.5, 10, 0, 11.5], "texture": "#5"}
			}
		},
		{
			"from": [7.75, 10.9, 5],
			"to": [8.25, 11.65, 6.5],
			"rotation": {"angle": -22.5, "axis": "x", "origin": [8, 13, 6.5]},
			"faces": {
				"north": {"uv": [10, 12, 10.5, 12.75], "texture": "#5"},
				"east": {"uv": [5, 5, 6.5, 5.75], "texture": "#5"},
				"south": {"uv": [12, 10, 12.5, 10.75], "texture": "#5"},
				"west": {"uv": [0, 6, 1.5, 6.75], "texture": "#5"},
				"up": {"uv": [10.5, 1.5, 10, 0], "texture": "#5"},
				"down": {"uv": [1.5, 10, 1, 11.5], "texture": "#5"}
			}
		},
		{
			"from": [7.75, 12.35, 5],
			"to": [8.25, 13.1, 6.5],
			"rotation": {"angle": 22.5, "axis": "x", "origin": [8, 11, 6.5]},
			"faces": {
				"north": {"uv": [11, 12, 11.5, 12.75], "texture": "#5"},
				"east": {"uv": [6, 2, 7.5, 2.75], "texture": "#5"},
				"south": {"uv": [12, 11, 12.5, 11.75], "texture": "#5"},
				"west": {"uv": [6, 3, 7.5, 3.75], "texture": "#5"},
				"up": {"uv": [2.5, 11.5, 2, 10], "texture": "#5"},
				"down": {"uv": [10.5, 2, 10, 3.5], "texture": "#5"}
			}
		},
		{
			"from": [7.75, 13.74492, 4.87801],
			"to": [8.25, 15.24492, 5.62801],
			"rotation": {"angle": -22.5, "axis": "x", "origin": [8, 14.29492, 5.05301]},
			"faces": {
				"north": {"uv": [3, 10, 3.5, 11.5], "texture": "#5"},
				"east": {"uv": [2, 6, 2.75, 7.5], "texture": "#5"},
				"south": {"uv": [4, 10, 4.5, 11.5], "texture": "#5"},
				"west": {"uv": [5, 6, 5.75, 7.5], "texture": "#5"},
				"up": {"uv": [12.5, 12.75, 12, 12], "texture": "#5"},
				"down": {"uv": [0.5, 13, 0, 13.75], "texture": "#5"}
			}
		},
		{
			"from": [7.75, 12.5057, 4.91722],
			"to": [8.25, 13.2557, 6.41722],
			"rotation": {"angle": 45, "axis": "x", "origin": [8, 12.8807, 6.46722]},
			"faces": {
				"north": {"uv": [13, 0, 13.5, 0.75], "texture": "#5"},
				"east": {"uv": [6, 6, 7.5, 6.75], "texture": "#5"},
				"south": {"uv": [1, 13, 1.5, 13.75], "texture": "#5"},
				"west": {"uv": [0, 7, 1.5, 7.75], "texture": "#5"},
				"up": {"uv": [10.5, 5.5, 10, 4], "texture": "#5"},
				"down": {"uv": [5.5, 10, 5, 11.5], "texture": "#5"}
			}
		},
		{
			"from": [7.75, 12.72516, 3.6299],
			"to": [8.25, 13.47516, 4.3799],
			"rotation": {"angle": -22.5, "axis": "x", "origin": [8, 13.47516, 3.4049]},
			"faces": {
				"north": {"uv": [13, 1, 13.5, 1.75], "texture": "#5"},
				"east": {"uv": [11, 3, 11.75, 3.75], "texture": "#5"},
				"south": {"uv": [2, 13, 2.5, 13.75], "texture": "#5"},
				"west": {"uv": [11.75, 3, 11, 3.75], "texture": "#5"},
				"up": {"uv": [13.5, 2.75, 13, 2], "texture": "#5"},
				"down": {"uv": [3.5, 13, 3, 13.75], "texture": "#5"}
			}
		},
		{
			"from": [7.75, 11.6, 4.1],
			"to": [8.25, 12.35, 5.6],
			"rotation": {"angle": 45, "axis": "x", "origin": [8, 12.05526, 4.9383]},
			"faces": {
				"north": {"uv": [13, 3, 13.5, 3.75], "texture": "#5"},
				"east": {"uv": [7, 1, 8.5, 1.75], "texture": "#5"},
				"south": {"uv": [4, 13, 4.5, 13.75], "texture": "#5"},
				"west": {"uv": [7, 1, 8.5, 1.75], "texture": "#5"},
				"up": {"uv": [10.5, 7.5, 10, 6], "texture": "#5"},
				"down": {"uv": [10.5, 8, 10, 9.5], "texture": "#5"}
			}
		},
		{
			"from": [7.75, 11.8, 4.1],
			"to": [8.25, 12.55, 5.6],
			"rotation": {"angle": -45, "axis": "x", "origin": [8, 12.05526, 4.9383]},
			"faces": {
				"north": {"uv": [13, 4, 13.5, 4.75], "texture": "#5"},
				"east": {"uv": [1, 5, 2.5, 5.75], "texture": "#5"},
				"south": {"uv": [5, 13, 5.5, 13.75], "texture": "#5"},
				"west": {"uv": [7, 4, 8.5, 4.75], "texture": "#5"},
				"up": {"uv": [9.5, 11.5, 9, 10], "texture": "#5"},
				"down": {"uv": [10.5, 10, 10, 11.5], "texture": "#5"}
			}
		},
		{
			"from": [7.75, 10.67484, 3.6299],
			"to": [8.25, 11.42484, 4.3799],
			"rotation": {"angle": 22.5, "axis": "x", "origin": [8, 10.52484, 3.4049]},
			"faces": {
				"north": {"uv": [13, 5, 13.5, 5.75], "texture": "#5"},
				"east": {"uv": [11, 5, 11.75, 5.75], "texture": "#5"},
				"south": {"uv": [6, 13, 6.5, 13.75], "texture": "#5"},
				"west": {"uv": [11.75, 5, 11, 5.75], "texture": "#5"},
				"up": {"uv": [13.5, 6.75, 13, 6], "texture": "#5"},
				"down": {"uv": [7.5, 13, 7, 13.75], "texture": "#5"}
			}
		},
		{
			"from": [7.75, 8.75508, 10.37199],
			"to": [8.25, 10.25508, 11.12199],
			"rotation": {"angle": -22.5, "axis": "x", "origin": [8, 9.70508, 10.94699]},
			"faces": {
				"north": {"uv": [6, 7, 6.5, 8.5], "texture": "#5"},
				"east": {"uv": [0, 0, 0.75, 1.5], "texture": "#5"},
				"south": {"uv": [7, 7, 7.5, 8.5], "texture": "#5"},
				"west": {"uv": [1, 0, 1.75, 1.5], "texture": "#5"},
				"up": {"uv": [11.5, 6.75, 11, 6], "texture": "#5"},
				"down": {"uv": [7.5, 11, 7, 11.75], "texture": "#5"}
			}
		},
		{
			"from": [7.75, 10.7443, 9.58278],
			"to": [8.25, 11.4943, 11.08278],
			"rotation": {"angle": 45, "axis": "x", "origin": [8, 11.1193, 9.53278]},
			"faces": {
				"north": {"uv": [11, 7, 11.5, 7.75], "texture": "#5"},
				"east": {"uv": [0, 2, 1.5, 2.75], "texture": "#5"},
				"south": {"uv": [8, 11, 8.5, 11.75], "texture": "#5"},
				"west": {"uv": [2, 0, 3.5, 0.75], "texture": "#5"},
				"up": {"uv": [0.5, 9.5, 0, 8], "texture": "#5"},
				"down": {"uv": [1.5, 8, 1, 9.5], "texture": "#5"}
			}
		},
		{
			"from": [7.75, 10.9, 9.5],
			"to": [8.25, 11.65, 11],
			"rotation": {"angle": 22.5, "axis": "x", "origin": [8, 13, 9.5]},
			"faces": {
				"north": {"uv": [11, 8, 11.5, 8.75], "texture": "#5"},
				"east": {"uv": [2, 1, 3.5, 1.75], "texture": "#5"},
				"south": {"uv": [11, 9, 11.5, 9.75], "texture": "#5"},
				"west": {"uv": [2, 2, 3.5, 2.75], "texture": "#5"},
				"up": {"uv": [2.5, 9.5, 2, 8], "texture": "#5"},
				"down": {"uv": [8.5, 2, 8, 3.5], "texture": "#5"}
			}
		},
		{
			"from": [7.75, 12.35, 9.5],
			"to": [8.25, 13.1, 11],
			"rotation": {"angle": -22.5, "axis": "x", "origin": [8, 11, 9.5]},
			"faces": {
				"north": {"uv": [11, 10, 11.5, 10.75], "texture": "#5"},
				"east": {"uv": [0, 3, 1.5, 3.75], "texture": "#5"},
				"south": {"uv": [11, 11, 11.5, 11.75], "texture": "#5"},
				"west": {"uv": [2, 3, 3.5, 3.75], "texture": "#5"},
				"up": {"uv": [3.5, 9.5, 3, 8], "texture": "#5"},
				"down": {"uv": [4.5, 8, 4, 9.5], "texture": "#5"}
			}
		},
		{
			"from": [7.75, 13.74492, 10.37199],
			"to": [8.25, 15.24492, 11.12199],
			"rotation": {"angle": 22.5, "axis": "x", "origin": [8, 14.29492, 10.94699]},
			"faces": {
				"north": {"uv": [5, 8, 5.5, 9.5], "texture": "#5"},
				"east": {"uv": [0, 4, 0.75, 5.5], "texture": "#5"},
				"south": {"uv": [8, 5, 8.5, 6.5], "texture": "#5"},
				"west": {"uv": [4, 0, 4.75, 1.5], "texture": "#5"},
				"up": {"uv": [0.5, 12.75, 0, 12], "texture": "#5"},
				"down": {"uv": [12.5, 0, 12, 0.75], "texture": "#5"}
			}
		},
		{
			"from": [7.75, 12.5057, 9.58278],
			"to": [8.25, 13.2557, 11.08278],
			"rotation": {"angle": -45, "axis": "x", "origin": [8, 12.8807, 9.53278]},
			"faces": {
				"north": {"uv": [1, 12, 1.5, 12.75], "texture": "#5"},
				"east": {"uv": [1, 4, 2.5, 4.75], "texture": "#5"},
				"south": {"uv": [12, 1, 12.5, 1.75], "texture": "#5"},
				"west": {"uv": [4, 2, 5.5, 2.75], "texture": "#5"},
				"up": {"uv": [8.5, 8.5, 8, 7], "texture": "#5"},
				"down": {"uv": [9.5, 0, 9, 1.5], "texture": "#5"}
			}
		},
		{
			"from": [7.75, 12.72516, 11.6201],
			"to": [8.25, 13.47516, 12.3701],
			"rotation": {"angle": 22.5, "axis": "x", "origin": [8, 13.47516, 12.5951]},
			"faces": {
				"north": {"uv": [2, 12, 2.5, 12.75], "texture": "#5"},
				"east": {"uv": [7, 5, 7.75, 5.75], "texture": "#5"},
				"south": {"uv": [12, 2, 12.5, 2.75], "texture": "#5"},
				"west": {"uv": [7.75, 5, 7, 5.75], "texture": "#5"},
				"up": {"uv": [3.5, 12.75, 3, 12], "texture": "#5"},
				"down": {"uv": [12.5, 3, 12, 3.75], "texture": "#5"}
			}
		},
		{
			"from": [7.75, 11.6, 10.4],
			"to": [8.25, 12.35, 11.9],
			"rotation": {"angle": -45, "axis": "x", "origin": [8, 12.05526, 11.0617]},
			"faces": {
				"north": {"uv": [4, 12, 4.5, 12.75], "texture": "#5"},
				"east": {"uv": [4, 3, 5.5, 3.75], "texture": "#5"},
				"south": {"uv": [12, 4, 12.5, 4.75], "texture": "#5"},
				"west": {"uv": [4, 3, 5.5, 3.75], "texture": "#5"},
				"up": {"uv": [9.5, 3.5, 9, 2], "texture": "#5"},
				"down": {"uv": [9.5, 4, 9, 5.5], "texture": "#5"}
			}
		},
		{
			"from": [7.75, 11.8, 10.4],
			"to": [8.25, 12.55, 11.9],
			"rotation": {"angle": 45, "axis": "x", "origin": [8, 12.05526, 11.0617]},
			"faces": {
				"north": {"uv": [5, 12, 5.5, 12.75], "texture": "#5"},
				"east": {"uv": [1, 5, 2.5, 5.75], "texture": "#5"},
				"south": {"uv": [12, 5, 12.5, 5.75], "texture": "#5"},
				"west": {"uv": [1, 5, 2.5, 5.75], "texture": "#5"},
				"up": {"uv": [6.5, 10.5, 6, 9], "texture": "#5"},
				"down": {"uv": [9.5, 6, 9, 7.5], "texture": "#5"}
			}
		},
		{
			"from": [7.75, 10.67484, 11.6201],
			"to": [8.25, 11.42484, 12.3701],
			"rotation": {"angle": -22.5, "axis": "x", "origin": [8, 10.52484, 12.5951]},
			"faces": {
				"north": {"uv": [6, 12, 6.5, 12.75], "texture": "#5"},
				"east": {"uv": [11, 1, 11.75, 1.75], "texture": "#5"},
				"south": {"uv": [12, 6, 12.5, 6.75], "texture": "#5"},
				"west": {"uv": [11.75, 1, 11, 1.75], "texture": "#5"},
				"up": {"uv": [7.5, 12.75, 7, 12], "texture": "#5"},
				"down": {"uv": [12.5, 7, 12, 7.75], "texture": "#5"}
			}
		}
	],
	"display": {
		"thirdperson_righthand": {
			"translation": [0, 2.5, 0]
		},
		"thirdperson_lefthand": {
			"translation": [0, 2.5, 0]
		},
		"firstperson_righthand": {
			"translation": [3, 0, 0]
		},
		"firstperson_lefthand": {
			"translation": [3, 0, 0]
		},
		"ground": {
			"rotation": [14.12, -37.35, 94.97]
		},
		"gui": {
			"rotation": [-90, 63, 90],
			"translation": [0, -0.5, 0],
			"scale": [0.46484, 0.46484, 0.46484]
		},
		"head": {
			"rotation": [-180, -90, 0],
			"translation": [0, 23.25, 0]
		},
		"fixed": {
			"rotation": [180, -90, 180],
			"scale": [2.4082, 2.4082, 2.4082]
		}
	},
	"groups": [
		0,
		1,
		2,
		3,
		4,
		5,
		6,
		7,
		8,
		9,
		10,
		11,
		{
			"name": "group",
			"origin": [0, 0, 0],
			"color": 0,
			"children": [12, 13, 14, 15, 16]
		},
		{
			"name": "group",
			"origin": [0, 0, 0],
			"color": 0,
			"children": [17, 18, 19]
		},
		{
			"name": "group",
			"origin": [8, 10.52484, 3.4049],
			"color": 0,
			"children": [20, 21, 22, 23, 24, 25, 26, 27, 28, 29]
		},
		{
			"name": "group",
			"origin": [8, 10.52484, 3.4049],
			"color": 0,
			"children": [30, 31, 32, 33, 34, 35, 36, 37, 38, 39]
		}
	]
}
