{
	"credit": "Made with Blockbench",
	"ambientocclusion": false,
	"textures": {
		"0": "item/jcaksowrd1",
		"1": "item/jcaksowrd2",
		"2": "item/jcaksowrd3",
		"3": "item/jcaksowrd4",
		"4": "item/jcaksowrd5",
		"5": "item/jcaksowrd6",
		"particle": "item/jcaksowrd1"
	},
	"elements": [
		{
			"from": [11.14891, -4.34206, 7.5652],
			"to": [12.77531, -1.22606, 8.4348],
			"rotation": {"angle": -22.5, "axis": "z", "origin": [8, -2.88921, 8]},
			"faces": {
				"north": {"uv": [4, 8, 6, 11], "texture": "#3"},
				"east": {"uv": [13, 3, 14, 6], "texture": "#3"},
				"south": {"uv": [6, 8, 8, 11], "texture": "#3"},
				"west": {"uv": [13, 0, 14, 3], "texture": "#3"},
				"up": {"uv": [5, 8, 4, 6], "rotation": 270, "texture": "#3"},
				"down": {"uv": [9, 0, 8, 2], "rotation": 90, "texture": "#3"}
			}
		},
		{
			"from": [11.34008, -4.92098, 7.3152],
			"to": [12.96648, -1.80498, 8.6848],
			"rotation": {"angle": 22.5, "axis": "z", "origin": [8.7, -3.78921, 8]},
			"faces": {
				"north": {"uv": [0, 9, 2, 12], "texture": "#3"},
				"east": {"uv": [9, 0, 11, 3], "texture": "#3"},
				"south": {"uv": [2, 9, 4, 12], "texture": "#3"},
				"west": {"uv": [8, 8, 10, 11], "texture": "#3"},
				"up": {"uv": [4, 16, 2, 14], "rotation": 270, "texture": "#3"},
				"down": {"uv": [16, 2, 14, 4], "rotation": 90, "texture": "#3"}
			}
		},
		{
			"from": [9.24094, -1.00917, 7.0652],
			"to": [11.73374, 0.86043, 8.9348],
			"rotation": {"angle": 22.5, "axis": "z", "origin": [8, -2.88921, 8]},
			"faces": {
				"north": {"uv": [0, 4, 3, 6], "texture": "#3"},
				"east": {"uv": [2, 12, 4, 14], "texture": "#3"},
				"south": {"uv": [5, 0, 8, 2], "texture": "#3"},
				"west": {"uv": [0, 12, 2, 14], "texture": "#3"},
				"up": {"uv": [7, 5, 5, 2], "rotation": 270, "texture": "#3"},
				"down": {"uv": [7, 5, 5, 8], "rotation": 90, "texture": "#3"}
			}
		},
		{
			"from": [6.31789, -1.72791, 7.0652],
			"to": [8.81069, -0.01031, 8.9348],
			"rotation": {"angle": -45, "axis": "z", "origin": [10, -3.88921, 8]},
			"faces": {
				"north": {"uv": [12, 6, 15, 8], "texture": "#3"},
				"east": {"uv": [13, 12, 15, 14], "texture": "#3"},
				"south": {"uv": [12, 8, 15, 10], "texture": "#3"},
				"west": {"uv": [8, 13, 10, 15], "texture": "#3"},
				"up": {"uv": [2, 9, 0, 6], "rotation": 270, "texture": "#3"},
				"down": {"uv": [4, 6, 2, 9], "rotation": 90, "texture": "#3"}
			}
		},
		{
			"from": [3.22469, -4.34206, 7.5652],
			"to": [4.85109, -1.22606, 8.4348],
			"rotation": {"angle": 22.5, "axis": "z", "origin": [8, -2.88921, 8]},
			"faces": {
				"north": {"uv": [6, 8, 4, 11], "texture": "#3"},
				"east": {"uv": [14, 0, 13, 3], "texture": "#3"},
				"south": {"uv": [8, 8, 6, 11], "texture": "#3"},
				"west": {"uv": [14, 3, 13, 6], "texture": "#3"},
				"up": {"uv": [5, 6, 4, 8], "rotation": 270, "texture": "#3"},
				"down": {"uv": [9, 2, 8, 0], "rotation": 90, "texture": "#3"}
			}
		},
		{
			"from": [3.03352, -4.92098, 7.3152],
			"to": [4.65992, -1.80498, 8.6848],
			"rotation": {"angle": -22.5, "axis": "z", "origin": [7.3, -3.78921, 8]},
			"faces": {
				"north": {"uv": [2, 9, 0, 12], "texture": "#3"},
				"east": {"uv": [10, 8, 8, 11], "texture": "#3"},
				"south": {"uv": [4, 9, 2, 12], "texture": "#3"},
				"west": {"uv": [11, 0, 9, 3], "texture": "#3"},
				"up": {"uv": [4, 14, 2, 16], "rotation": 270, "texture": "#3"},
				"down": {"uv": [16, 4, 14, 2], "rotation": 90, "texture": "#3"}
			}
		},
		{
			"from": [4.26626, -1.00917, 7.0652],
			"to": [6.75906, 0.86043, 8.9348],
			"rotation": {"angle": -22.5, "axis": "z", "origin": [8, -2.88921, 8]},
			"faces": {
				"north": {"uv": [3, 4, 0, 6], "texture": "#3"},
				"east": {"uv": [2, 12, 0, 14], "texture": "#3"},
				"south": {"uv": [8, 0, 5, 2], "texture": "#3"},
				"west": {"uv": [4, 12, 2, 14], "texture": "#3"},
				"up": {"uv": [7, 2, 5, 5], "rotation": 270, "texture": "#3"},
				"down": {"uv": [7, 8, 5, 5], "rotation": 90, "texture": "#3"}
			}
		},
		{
			"from": [7.18931, -1.72791, 7.0652],
			"to": [9.68211, -0.01031, 8.9348],
			"rotation": {"angle": 45, "axis": "z", "origin": [6, -3.88921, 8]},
			"faces": {
				"north": {"uv": [15, 6, 12, 8], "texture": "#3"},
				"east": {"uv": [10, 13, 8, 15], "texture": "#3"},
				"south": {"uv": [15, 8, 12, 10], "texture": "#3"},
				"west": {"uv": [15, 12, 13, 14], "texture": "#3"},
				"up": {"uv": [2, 6, 0, 9], "rotation": 270, "texture": "#3"},
				"down": {"uv": [4, 9, 2, 6], "rotation": 90, "texture": "#3"}
			}
		},
		{
			"from": [7.5652, -4.64206, 2.34891],
			"to": [8.4348, -1.52606, 3.97531],
			"rotation": {"angle": -22.5, "axis": "x", "origin": [8, -2.88921, 8]},
			"faces": {
				"north": {"uv": [13, 0, 14, 3], "texture": "#3"},
				"east": {"uv": [4, 8, 6, 11], "texture": "#3"},
				"south": {"uv": [13, 3, 14, 6], "texture": "#3"},
				"west": {"uv": [6, 8, 8, 11], "texture": "#3"},
				"up": {"uv": [5, 8, 4, 6], "texture": "#3"},
				"down": {"uv": [9, 0, 8, 2], "texture": "#3"}
			}
		},
		{
			"from": [7.3152, -5.92098, 3.04008],
			"to": [8.6848, -2.80498, 4.66648],
			"rotation": {"angle": 22.5, "axis": "x", "origin": [8, -2.88921, 8]},
			"faces": {
				"north": {"uv": [8, 8, 10, 11], "texture": "#3"},
				"east": {"uv": [0, 9, 2, 12], "texture": "#3"},
				"south": {"uv": [9, 0, 11, 3], "texture": "#3"},
				"west": {"uv": [2, 9, 4, 12], "texture": "#3"},
				"up": {"uv": [4, 16, 2, 14], "texture": "#3"},
				"down": {"uv": [16, 2, 14, 4], "texture": "#3"}
			}
		},
		{
			"from": [7.0652, -1.00917, 5.26626],
			"to": [8.9348, 0.86043, 7.75906],
			"rotation": {"angle": -22.5, "axis": "x", "origin": [8, -2.88921, 8]},
			"faces": {
				"north": {"uv": [6, 11, 8, 13], "texture": "#3"},
				"east": {"uv": [0, 0, 3, 2], "texture": "#3"},
				"south": {"uv": [8, 11, 10, 13], "texture": "#3"},
				"west": {"uv": [0, 2, 3, 4], "texture": "#3"},
				"up": {"uv": [5, 3, 3, 0], "texture": "#3"},
				"down": {"uv": [5, 3, 3, 6], "texture": "#3"}
			}
		},
		{
			"from": [7.5652, -4.64206, 12.02469],
			"to": [8.4348, -1.52606, 13.65109],
			"rotation": {"angle": 22.5, "axis": "x", "origin": [8, -2.88921, 8]},
			"faces": {
				"north": {"uv": [6, 13, 7, 16], "texture": "#3"},
				"east": {"uv": [9, 3, 11, 6], "texture": "#3"},
				"south": {"uv": [7, 13, 8, 16], "texture": "#3"},
				"west": {"uv": [10, 6, 12, 9], "texture": "#3"},
				"up": {"uv": [10, 8, 9, 6], "texture": "#3"},
				"down": {"uv": [11, 14, 10, 16], "texture": "#3"}
			}
		},
		{
			"from": [7.3152, -5.92098, 11.33352],
			"to": [8.6848, -2.80498, 12.95992],
			"rotation": {"angle": -22.5, "axis": "x", "origin": [8, -2.88921, 8]},
			"faces": {
				"north": {"uv": [10, 9, 12, 12], "texture": "#3"},
				"east": {"uv": [11, 0, 13, 3], "texture": "#3"},
				"south": {"uv": [11, 3, 13, 6], "texture": "#3"},
				"west": {"uv": [4, 11, 6, 14], "texture": "#3"},
				"up": {"uv": [6, 16, 4, 14], "texture": "#3"},
				"down": {"uv": [16, 4, 14, 6], "texture": "#3"}
			}
		},
		{
			"from": [7.0652, -1.00917, 8.24094],
			"to": [8.9348, 0.86043, 10.73374],
			"rotation": {"angle": 22.5, "axis": "x", "origin": [8, -2.88921, 8]},
			"faces": {
				"north": {"uv": [0, 12, 2, 14], "texture": "#3"},
				"east": {"uv": [0, 4, 3, 6], "texture": "#3"},
				"south": {"uv": [2, 12, 4, 14], "texture": "#3"},
				"west": {"uv": [5, 0, 8, 2], "texture": "#3"},
				"up": {"uv": [7, 5, 5, 2], "texture": "#3"},
				"down": {"uv": [7, 5, 5, 8], "texture": "#3"}
			}
		},
		{
			"from": [7.0652, 0.17209, 5.31789],
			"to": [8.9348, 1.88969, 7.81069],
			"rotation": {"angle": -45, "axis": "x", "origin": [8, -2.88921, 8]},
			"faces": {
				"north": {"uv": [8, 13, 10, 15], "texture": "#3"},
				"east": {"uv": [12, 6, 15, 8], "texture": "#3"},
				"south": {"uv": [13, 12, 15, 14], "texture": "#3"},
				"west": {"uv": [12, 8, 15, 10], "texture": "#3"},
				"up": {"uv": [2, 9, 0, 6], "texture": "#3"},
				"down": {"uv": [4, 6, 2, 9], "texture": "#3"}
			}
		},
		{
			"from": [7.0652, 0.17209, 8.18931],
			"to": [8.9348, 1.88969, 10.68211],
			"rotation": {"angle": 45, "axis": "x", "origin": [8, -2.88921, 8]},
			"faces": {
				"north": {"uv": [0, 14, 2, 16], "texture": "#3"},
				"east": {"uv": [10, 12, 13, 14], "texture": "#3"},
				"south": {"uv": [14, 0, 16, 2], "texture": "#3"},
				"west": {"uv": [12, 10, 15, 12], "texture": "#3"},
				"up": {"uv": [9, 5, 7, 2], "texture": "#3"},
				"down": {"uv": [9, 5, 7, 8], "texture": "#3"}
			}
		},
		{
			"from": [7, -14, 6.5],
			"to": [9, 0.5, 9.5],
			"rotation": {"angle": 0, "axis": "y", "origin": [7.5, 7.5, 7.5]},
			"faces": {
				"north": {"uv": [6, 0, 8, 15], "texture": "#4"},
				"east": {"uv": [0, 0, 3, 15], "texture": "#4"},
				"south": {"uv": [8, 0, 10, 15], "texture": "#4"},
				"west": {"uv": [3, 0, 6, 15], "texture": "#4"},
				"up": {"uv": [12, 3, 10, 0], "texture": "#4"},
				"down": {"uv": [12, 3, 10, 6], "texture": "#4"}
			}
		},
		{
			"from": [6.75, -15.36732, 5.5],
			"to": [9.25, -11.86732, 8.5],
			"rotation": {"angle": -22.5, "axis": "x", "origin": [8, -12.61732, 8]},
			"faces": {
				"north": {"uv": [6, 0, 9, 4], "texture": "#5"},
				"east": {"uv": [6, 4, 9, 8], "texture": "#5"},
				"south": {"uv": [0, 8, 3, 12], "texture": "#5"},
				"west": {"uv": [3, 8, 6, 12], "texture": "#5"},
				"up": {"uv": [12, 6, 9, 3], "texture": "#5"},
				"down": {"uv": [12, 6, 9, 9], "texture": "#5"}
			}
		},
		{
			"from": [6.75, -15.36732, 7.5],
			"to": [9.25, -11.86732, 10.5],
			"rotation": {"angle": 22.5, "axis": "x", "origin": [8, -12.61732, 8]},
			"faces": {
				"north": {"uv": [0, 0, 3, 4], "texture": "#5"},
				"east": {"uv": [3, 0, 6, 4], "texture": "#5"},
				"south": {"uv": [0, 4, 3, 8], "texture": "#5"},
				"west": {"uv": [3, 4, 6, 8], "texture": "#5"},
				"up": {"uv": [9, 11, 6, 8], "texture": "#5"},
				"down": {"uv": [12, 0, 9, 3], "texture": "#5"}
			}
		},
		{
			"from": [6.75, -15.975, 9.56276],
			"to": [9.25, -14.175, 11.36276],
			"rotation": {"angle": 45, "axis": "x", "origin": [8, -12.61732, 7.98776]},
			"faces": {
				"north": {"uv": [9, 9, 12, 11], "texture": "#5"},
				"east": {"uv": [12, 0, 14, 2], "texture": "#5"},
				"south": {"uv": [6, 11, 9, 13], "texture": "#5"},
				"west": {"uv": [12, 2, 14, 4], "texture": "#5"},
				"up": {"uv": [12, 13, 9, 11], "texture": "#5"},
				"down": {"uv": [3, 12, 0, 14], "texture": "#5"}
			}
		},
		{
			"from": [6.77, -0.59, 10.87],
			"to": [9.23, 1.87, 14.15],
			"rotation": {"angle": -22.5, "axis": "x", "origin": [8, 0.64, 12.92]},
			"faces": {
				"north": {"uv": [0, 14, 1.5, 15.5], "texture": "#2"},
				"east": {"uv": [8.5, 3, 10.5, 4.5], "texture": "#2"},
				"south": {"uv": [14, 0, 15.5, 1.5], "texture": "#2"},
				"west": {"uv": [4.5, 8.5, 6.5, 10], "texture": "#2"},
				"up": {"uv": [1.5, 10.5, 0, 8.5], "texture": "#2"},
				"down": {"uv": [10, 4.5, 8.5, 6.5], "texture": "#2"}
			}
		},
		{
			"from": [6.77, 9.45, 13.33],
			"to": [9.23, 11.61, 16.61],
			"rotation": {"angle": 45, "axis": "x", "origin": [8, 10.68, 12.92]},
			"faces": {
				"north": {"uv": [14, 10.5, 15.5, 11.5], "texture": "#2"},
				"east": {"uv": [6, 13.5, 8, 14.5], "texture": "#2"},
				"south": {"uv": [14, 11.5, 15.5, 12.5], "texture": "#2"},
				"west": {"uv": [8, 13.5, 10, 14.5], "texture": "#2"},
				"up": {"uv": [3, 11, 1.5, 9], "texture": "#2"},
				"down": {"uv": [4.5, 9, 3, 11], "texture": "#2"}
			}
		},
		{
			"from": [6.77, 4.53, 12.51],
			"to": [9.23, 8.63, 14.65],
			"rotation": {"angle": -22.5, "axis": "x", "origin": [8, 10.68, 12.92]},
			"faces": {
				"north": {"uv": [5, 1.5, 6.5, 3.5], "texture": "#2"},
				"east": {"uv": [11.5, 0, 12.5, 2], "texture": "#2"},
				"south": {"uv": [2.5, 5, 4, 7], "texture": "#2"},
				"west": {"uv": [11.5, 4.5, 12.5, 6.5], "texture": "#2"},
				"up": {"uv": [15.5, 13.5, 14, 12.5], "texture": "#2"},
				"down": {"uv": [15.5, 13.5, 14, 14.5], "texture": "#2"}
			}
		},
		{
			"from": [6.77, 2.69, 12.51],
			"to": [9.23, 6.79, 14.65],
			"rotation": {"angle": 22.5, "axis": "x", "origin": [8, 0.64, 12.92]},
			"faces": {
				"north": {"uv": [4, 5, 5.5, 7], "texture": "#2"},
				"east": {"uv": [6, 11.5, 7, 13.5], "texture": "#2"},
				"south": {"uv": [5.5, 5, 7, 7], "texture": "#2"},
				"west": {"uv": [7, 11.5, 8, 13.5], "texture": "#2"},
				"up": {"uv": [3, 15.5, 1.5, 14.5], "texture": "#2"},
				"down": {"uv": [4.5, 14.5, 3, 15.5], "texture": "#2"}
			}
		},
		{
			"from": [6.77, -0.39, 13.33],
			"to": [9.23, 1.87, 16.61],
			"rotation": {"angle": -45, "axis": "x", "origin": [8, 0.64, 12.92]},
			"faces": {
				"north": {"uv": [14, 1.5, 15.5, 3], "texture": "#2"},
				"east": {"uv": [9, 0, 11, 1.5], "texture": "#2"},
				"south": {"uv": [14, 3, 15.5, 4.5], "texture": "#2"},
				"west": {"uv": [9, 6.5, 11, 8], "texture": "#2"},
				"up": {"uv": [10.5, 10, 9, 8], "texture": "#2"},
				"down": {"uv": [8, 9.5, 6.5, 11.5], "texture": "#2"}
			}
		},
		{
			"from": [6.77, 9.45, -0.61],
			"to": [9.23, 11.61, 2.67],
			"rotation": {"angle": -45, "axis": "x", "origin": [8, 10.68, 3.08]},
			"faces": {
				"north": {"uv": [6, 14.5, 7.5, 15.5], "texture": "#2"},
				"east": {"uv": [10, 13.5, 12, 14.5], "texture": "#2"},
				"south": {"uv": [7.5, 14.5, 9, 15.5], "texture": "#2"},
				"west": {"uv": [12, 13.5, 14, 14.5], "texture": "#2"},
				"up": {"uv": [6, 12, 4.5, 10], "texture": "#2"},
				"down": {"uv": [11.5, 4.5, 10, 6.5], "texture": "#2"}
			}
		},
		{
			"from": [6.77, 4.53, 1.35],
			"to": [9.23, 8.63, 3.49],
			"rotation": {"angle": 22.5, "axis": "x", "origin": [8, 10.68, 3.08]},
			"faces": {
				"north": {"uv": [0, 6.5, 1.5, 8.5], "texture": "#2"},
				"east": {"uv": [8, 11.5, 9, 13.5], "texture": "#2"},
				"south": {"uv": [6.5, 1.5, 8, 3.5], "texture": "#2"},
				"west": {"uv": [9, 11.5, 10, 13.5], "texture": "#2"},
				"up": {"uv": [10.5, 15.5, 9, 14.5], "texture": "#2"},
				"down": {"uv": [12, 14.5, 10.5, 15.5], "texture": "#2"}
			}
		},
		{
			"from": [6.77, 2.69, 1.35],
			"to": [9.23, 6.79, 3.49],
			"rotation": {"angle": -22.5, "axis": "x", "origin": [8, 0.64, 3.08]},
			"faces": {
				"north": {"uv": [1.5, 7, 3, 9], "texture": "#2"},
				"east": {"uv": [11.5, 9.5, 12.5, 11.5], "texture": "#2"},
				"south": {"uv": [3, 7, 4.5, 9], "texture": "#2"},
				"west": {"uv": [11.5, 11.5, 12.5, 13.5], "texture": "#2"},
				"up": {"uv": [13.5, 15.5, 12, 14.5], "texture": "#2"},
				"down": {"uv": [15, 14.5, 13.5, 15.5], "texture": "#2"}
			}
		},
		{
			"from": [6.77, -0.39, -0.61],
			"to": [9.23, 1.87, 2.67],
			"rotation": {"angle": 45, "axis": "x", "origin": [8, 0.64, 3.08]},
			"faces": {
				"north": {"uv": [14, 4.5, 15.5, 6], "texture": "#2"},
				"east": {"uv": [9.5, 1.5, 11.5, 3], "texture": "#2"},
				"south": {"uv": [14, 6, 15.5, 7.5], "texture": "#2"},
				"west": {"uv": [8, 10, 10, 11.5], "texture": "#2"},
				"up": {"uv": [11.5, 12, 10, 10], "texture": "#2"},
				"down": {"uv": [1.5, 10.5, 0, 12.5], "texture": "#2"}
			}
		},
		{
			"from": [6.77, -0.59, 1.85],
			"to": [9.23, 1.87, 5.13],
			"rotation": {"angle": 22.5, "axis": "x", "origin": [8, 0.64, 3.08]},
			"faces": {
				"north": {"uv": [14, 7.5, 15.5, 9], "texture": "#2"},
				"east": {"uv": [10.5, 3, 12.5, 4.5], "texture": "#2"},
				"south": {"uv": [14, 9, 15.5, 10.5], "texture": "#2"},
				"west": {"uv": [10.5, 8, 12.5, 9.5], "texture": "#2"},
				"up": {"uv": [3, 13, 1.5, 11], "texture": "#2"},
				"down": {"uv": [4.5, 11, 3, 13], "texture": "#2"}
			}
		},
		{
			"from": [8.8, -0.5, 3.3],
			"to": [11.8, 2.5, 6],
			"rotation": {"angle": 22.5, "axis": "y", "origin": [7.5, 7.5, 8.5]},
			"faces": {
				"north": {"uv": [7, 3.5, 8.5, 5], "texture": "#2"},
				"east": {"uv": [11, 6.5, 12.5, 8], "texture": "#2"},
				"south": {"uv": [4.5, 7, 6, 8.5], "texture": "#2"},
				"west": {"uv": [4.5, 12, 6, 13.5], "texture": "#2"},
				"up": {"uv": [11.5, 13.5, 10, 12], "texture": "#2"},
				"down": {"uv": [1.5, 12.5, 0, 14], "texture": "#2"}
			}
		},
		{
			"from": [5.5, -0.5, 4.5],
			"to": [10.5, 2.5, 11.5],
			"rotation": {"angle": 0, "axis": "y", "origin": [7.5, 7.5, 7.5]},
			"faces": {
				"north": {"uv": [0, 5, 2.5, 6.5], "texture": "#2"},
				"east": {"uv": [0, 3.5, 3.5, 5], "texture": "#2"},
				"south": {"uv": [5, 0, 7.5, 1.5], "texture": "#2"},
				"west": {"uv": [3.5, 3.5, 7, 5], "texture": "#2"},
				"up": {"uv": [2.5, 3.5, 0, 0], "texture": "#2"},
				"down": {"uv": [5, 0, 2.5, 3.5], "texture": "#2"}
			}
		},
		{
			"from": [8.8, -0.5, 10],
			"to": [11.8, 2.5, 12.7],
			"rotation": {"angle": -22.5, "axis": "y", "origin": [7.5, 7.5, 7.5]},
			"faces": {
				"north": {"uv": [7, 5, 8.5, 6.5], "texture": "#2"},
				"east": {"uv": [12.5, 0, 14, 1.5], "texture": "#2"},
				"south": {"uv": [6, 7, 7.5, 8.5], "texture": "#2"},
				"west": {"uv": [12.5, 1.5, 14, 3], "texture": "#2"},
				"up": {"uv": [14, 4.5, 12.5, 3], "texture": "#2"},
				"down": {"uv": [14, 4.5, 12.5, 6], "texture": "#2"}
			}
		},
		{
			"from": [4.2, -0.5, 3.3],
			"to": [7.2, 2.5, 6],
			"rotation": {"angle": -22.5, "axis": "y", "origin": [8.5, 7.5, 8.5]},
			"faces": {
				"north": {"uv": [7.5, 0, 9, 1.5], "texture": "#2"},
				"east": {"uv": [12.5, 6, 14, 7.5], "texture": "#2"},
				"south": {"uv": [7.5, 6.5, 9, 8], "texture": "#2"},
				"west": {"uv": [12.5, 7.5, 14, 9], "texture": "#2"},
				"up": {"uv": [14, 10.5, 12.5, 9], "texture": "#2"},
				"down": {"uv": [14, 10.5, 12.5, 12], "texture": "#2"}
			}
		},
		{
			"from": [4.2, -0.5, 10],
			"to": [7.2, 2.5, 12.7],
			"rotation": {"angle": 22.5, "axis": "y", "origin": [8.5, 7.5, 7.5]},
			"faces": {
				"north": {"uv": [8, 1.5, 9.5, 3], "texture": "#2"},
				"east": {"uv": [12.5, 12, 14, 13.5], "texture": "#2"},
				"south": {"uv": [7.5, 8, 9, 9.5], "texture": "#2"},
				"west": {"uv": [1.5, 13, 3, 14.5], "texture": "#2"},
				"up": {"uv": [4.5, 14.5, 3, 13], "texture": "#2"},
				"down": {"uv": [6, 13.5, 4.5, 15], "texture": "#2"}
			}
		},
		{
			"from": [7.69463, 2.41218, 5.44593],
			"to": [8.30663, 5.52032, 10.55407],
			"rotation": {"angle": 0, "axis": "y", "origin": [-27.81337, 28.96548, -23.45007]},
			"faces": {
				"north": {"uv": [10.5, 9, 11, 10.5], "texture": "#0"},
				"east": {"uv": [5, 5, 7.5, 6.5], "texture": "#0"},
				"south": {"uv": [9.5, 10.5, 10, 12], "texture": "#0"},
				"west": {"uv": [5, 6.5, 7.5, 8], "texture": "#0"},
				"up": {"uv": [10, 10.5, 9.5, 8], "texture": "#0"},
				"down": {"uv": [9, 9.5, 8.5, 12], "texture": "#0"}
			}
		},
		{
			"from": [7.69463, 5.41218, 6.04593],
			"to": [8.30663, 8.52032, 7.55407],
			"rotation": {"angle": 22.5, "axis": "x", "origin": [8.00063, 6.96625, 6]},
			"faces": {
				"north": {"uv": [10, 10.5, 10.5, 12], "texture": "#0"},
				"east": {"uv": [2.5, 7.5, 3.5, 9], "texture": "#0"},
				"south": {"uv": [10.5, 10.5, 11, 12], "texture": "#0"},
				"west": {"uv": [3.5, 7.5, 4.5, 9], "texture": "#0"},
				"up": {"uv": [12, 7, 11.5, 6], "texture": "#0"},
				"down": {"uv": [12, 7, 11.5, 8], "texture": "#0"}
			}
		},
		{
			"from": [7.69463, 5.11877, 6.04593],
			"to": [8.30663, 8.22691, 7.55407],
			"rotation": {"angle": -22.5, "axis": "x", "origin": [8.00063, 6.67284, 6]},
			"faces": {
				"north": {"uv": [0, 11, 0.5, 12.5], "texture": "#0"},
				"east": {"uv": [7.5, 7, 8.5, 8.5], "texture": "#0"},
				"south": {"uv": [11, 0, 11.5, 1.5], "texture": "#0"},
				"west": {"uv": [8, 2, 9, 3.5], "texture": "#0"},
				"up": {"uv": [12, 9, 11.5, 8], "texture": "#0"},
				"down": {"uv": [12, 9, 11.5, 10], "texture": "#0"}
			}
		},
		{
			"from": [7.69463, 8.16218, 5.44593],
			"to": [8.30663, 12.54532, 10.55407],
			"rotation": {"angle": 0, "axis": "y", "origin": [-27.81337, 28.96548, -23.45007]},
			"faces": {
				"north": {"uv": [10.5, 0, 11, 2.5], "texture": "#0"},
				"east": {"uv": [0, 5, 2.5, 7.5], "texture": "#0"},
				"south": {"uv": [2.5, 10.5, 3, 13], "texture": "#0"},
				"west": {"uv": [5, 0, 7.5, 2.5], "texture": "#0"},
				"up": {"uv": [9.5, 12, 9, 9.5], "texture": "#0"},
				"down": {"uv": [10.5, 1.5, 10, 4], "texture": "#0"}
			}
		},
		{
			"from": [7.69463, 12.41218, 6.04593],
			"to": [8.30663, 15.52032, 7.55407],
			"rotation": {"angle": 22.5, "axis": "x", "origin": [8.00063, 13.96625, 6]},
			"faces": {
				"north": {"uv": [0.5, 11, 1, 12.5], "texture": "#0"},
				"east": {"uv": [8, 3.5, 9, 5], "texture": "#0"},
				"south": {"uv": [1, 11, 1.5, 12.5], "texture": "#0"},
				"west": {"uv": [4.5, 8, 5.5, 9.5], "texture": "#0"},
				"up": {"uv": [12, 11, 11.5, 10], "texture": "#0"},
				"down": {"uv": [12, 11, 11.5, 12], "texture": "#0"}
			}
		},
		{
			"from": [7.69463, 12.11877, 6.04593],
			"to": [8.30663, 15.22691, 7.55407],
			"rotation": {"angle": -22.5, "axis": "x", "origin": [8.00063, 13.67284, 6]},
			"faces": {
				"north": {"uv": [1.5, 11, 2, 12.5], "texture": "#0"},
				"east": {"uv": [8, 5, 9, 6.5], "texture": "#0"},
				"south": {"uv": [11, 1.5, 11.5, 3], "texture": "#0"},
				"west": {"uv": [5.5, 8, 6.5, 9.5], "texture": "#0"},
				"up": {"uv": [12.5, 1, 12, 0], "texture": "#0"},
				"down": {"uv": [12.5, 1, 12, 2], "texture": "#0"}
			}
		},
		{
			"from": [7.69463, 15.16218, 5.44593],
			"to": [8.30663, 19.54532, 10.55407],
			"rotation": {"angle": 0, "axis": "y", "origin": [-27.81337, 35.96548, -23.45007]},
			"faces": {
				"north": {"uv": [10.5, 2.5, 11, 5], "texture": "#0"},
				"east": {"uv": [2.5, 5, 5, 7.5], "texture": "#0"},
				"south": {"uv": [3, 10.5, 3.5, 13], "texture": "#0"},
				"west": {"uv": [5, 2.5, 7.5, 5], "texture": "#0"},
				"up": {"uv": [10.5, 6.5, 10, 4], "texture": "#0"},
				"down": {"uv": [8, 10, 7.5, 12.5], "texture": "#0"}
			}
		},
		{
			"from": [7.69463, 19.41218, 6.04593],
			"to": [8.30663, 22.52032, 7.55407],
			"rotation": {"angle": 22.5, "axis": "x", "origin": [8.00063, 20.96625, 6]},
			"faces": {
				"north": {"uv": [11, 3, 11.5, 4.5], "texture": "#0"},
				"east": {"uv": [6.5, 8, 7.5, 9.5], "texture": "#0"},
				"south": {"uv": [4.5, 11, 5, 12.5], "texture": "#0"},
				"west": {"uv": [8.5, 6.5, 9.5, 8], "texture": "#0"},
				"up": {"uv": [12.5, 3, 12, 2], "texture": "#0"},
				"down": {"uv": [12.5, 3, 12, 4], "texture": "#0"}
			}
		},
		{
			"from": [7.69463, 19.11877, 6.04593],
			"to": [8.30663, 22.22691, 7.55407],
			"rotation": {"angle": -22.5, "axis": "x", "origin": [8.00063, 20.67284, 6]},
			"faces": {
				"north": {"uv": [11, 4.5, 11.5, 6], "texture": "#0"},
				"east": {"uv": [7.5, 8.5, 8.5, 10], "texture": "#0"},
				"south": {"uv": [5, 11, 5.5, 12.5], "texture": "#0"},
				"west": {"uv": [8.5, 8, 9.5, 9.5], "texture": "#0"},
				"up": {"uv": [12.5, 5, 12, 4], "texture": "#0"},
				"down": {"uv": [12.5, 5, 12, 6], "texture": "#0"}
			}
		},
		{
			"from": [7.69463, 22.11218, 5.44593],
			"to": [8.30663, 31.52032, 10.55407],
			"rotation": {"angle": 0, "axis": "y", "origin": [-27.81337, 28.26548, -23.45007]},
			"faces": {
				"north": {"uv": [2, 7.5, 2.5, 12.5], "texture": "#0"},
				"east": {"uv": [0, 0, 2.5, 5], "texture": "#0"},
				"south": {"uv": [7.5, 2, 8, 7], "texture": "#0"},
				"west": {"uv": [2.5, 0, 5, 5], "texture": "#0"},
				"up": {"uv": [8.5, 12.5, 8, 10], "texture": "#0"},
				"down": {"uv": [10.5, 8, 10, 10.5], "texture": "#0"}
			}
		},
		{
			"from": [7.69463, 28.21741, 2.582],
			"to": [8.30663, 31.82941, 6.194],
			"rotation": {"angle": 45, "axis": "x", "origin": [6.50063, 26.41141, 8]},
			"faces": {
				"north": {"uv": [3.5, 10.5, 4, 12.5], "texture": "#0"},
				"east": {"uv": [0, 7.5, 2, 9.5], "texture": "#0"},
				"south": {"uv": [4, 10.5, 4.5, 12.5], "texture": "#0"},
				"west": {"uv": [7.5, 0, 9.5, 2], "texture": "#0"},
				"up": {"uv": [11, 7, 10.5, 5], "texture": "#0"},
				"down": {"uv": [11, 7, 10.5, 9], "texture": "#0"}
			}
		},
		{
			"from": [7.69463, 19.11877, 8.44593],
			"to": [8.30663, 22.22691, 9.95407],
			"rotation": {"angle": 22.5, "axis": "x", "origin": [8.00063, 20.67284, 10]},
			"faces": {
				"north": {"uv": [5.5, 11, 6, 12.5], "texture": "#0"},
				"east": {"uv": [9, 2, 10, 3.5], "texture": "#0"},
				"south": {"uv": [6, 11, 6.5, 12.5], "texture": "#0"},
				"west": {"uv": [2.5, 9, 3.5, 10.5], "texture": "#0"},
				"up": {"uv": [12.5, 7, 12, 6], "texture": "#0"},
				"down": {"uv": [12.5, 7, 12, 8], "texture": "#0"}
			}
		},
		{
			"from": [7.69463, 19.41218, 8.44593],
			"to": [8.30663, 22.52032, 9.95407],
			"rotation": {"angle": -22.5, "axis": "x", "origin": [8.00063, 20.96625, 10]},
			"faces": {
				"north": {"uv": [11, 6, 11.5, 7.5], "texture": "#0"},
				"east": {"uv": [3.5, 9, 4.5, 10.5], "texture": "#0"},
				"south": {"uv": [6.5, 11, 7, 12.5], "texture": "#0"},
				"west": {"uv": [9, 3.5, 10, 5], "texture": "#0"},
				"up": {"uv": [12.5, 9, 12, 8], "texture": "#0"},
				"down": {"uv": [9, 12, 8.5, 13], "texture": "#0"}
			}
		},
		{
			"from": [7.69463, 12.11877, 8.44593],
			"to": [8.30663, 15.22691, 9.95407],
			"rotation": {"angle": 22.5, "axis": "x", "origin": [8.00063, 13.67284, 10]},
			"faces": {
				"north": {"uv": [7, 11, 7.5, 12.5], "texture": "#0"},
				"east": {"uv": [9, 5, 10, 6.5], "texture": "#0"},
				"south": {"uv": [11, 7.5, 11.5, 9], "texture": "#0"},
				"west": {"uv": [0, 9.5, 1, 11], "texture": "#0"},
				"up": {"uv": [9.5, 13, 9, 12], "texture": "#0"},
				"down": {"uv": [12.5, 9, 12, 10], "texture": "#0"}
			}
		},
		{
			"from": [7.69463, 12.41218, 8.44593],
			"to": [8.30663, 15.52032, 9.95407],
			"rotation": {"angle": -22.5, "axis": "x", "origin": [8.00063, 13.96625, 10]},
			"faces": {
				"north": {"uv": [11, 9, 11.5, 10.5], "texture": "#0"},
				"east": {"uv": [9.5, 0, 10.5, 1.5], "texture": "#0"},
				"south": {"uv": [11, 10.5, 11.5, 12], "texture": "#0"},
				"west": {"uv": [1, 9.5, 2, 11], "texture": "#0"},
				"up": {"uv": [10, 13, 9.5, 12], "texture": "#0"},
				"down": {"uv": [10.5, 12, 10, 13], "texture": "#0"}
			}
		},
		{
			"from": [7.69463, 5.11877, 8.44593],
			"to": [8.30663, 8.22691, 9.95407],
			"rotation": {"angle": 22.5, "axis": "x", "origin": [8.00063, 6.67284, 10]},
			"faces": {
				"north": {"uv": [11.5, 0, 12, 1.5], "texture": "#0"},
				"east": {"uv": [4.5, 9.5, 5.5, 11], "texture": "#0"},
				"south": {"uv": [11.5, 1.5, 12, 3], "texture": "#0"},
				"west": {"uv": [5.5, 9.5, 6.5, 11], "texture": "#0"},
				"up": {"uv": [12.5, 11, 12, 10], "texture": "#0"},
				"down": {"uv": [11, 12, 10.5, 13], "texture": "#0"}
			}
		},
		{
			"from": [7.69463, 5.41218, 8.44593],
			"to": [8.30663, 8.52032, 9.95407],
			"rotation": {"angle": -22.5, "axis": "x", "origin": [8.00063, 6.96625, 10]},
			"faces": {
				"north": {"uv": [11.5, 3, 12, 4.5], "texture": "#0"},
				"east": {"uv": [6.5, 9.5, 7.5, 11], "texture": "#0"},
				"south": {"uv": [11.5, 4.5, 12, 6], "texture": "#0"},
				"west": {"uv": [9.5, 6.5, 10.5, 8], "texture": "#0"},
				"up": {"uv": [11.5, 13, 11, 12], "texture": "#0"},
				"down": {"uv": [12.5, 11, 12, 12], "texture": "#0"}
			}
		},
		{
			"from": [7.39267, 2.45468, 6.31431],
			"to": [8.59659, 31.28605, 9.68569],
			"rotation": {"angle": 0, "axis": "y", "origin": [-15.54261, 29.59986, -12.75705]},
			"faces": {
				"north": {"uv": [2, 0, 3, 14.5], "texture": "#1"},
				"east": {"uv": [2, 0.125, 4, 14.625], "texture": "#1"},
				"south": {"uv": [2.875, 0, 3.875, 14.5], "texture": "#1"},
				"west": {"uv": [2, 0, 4, 14.5], "texture": "#1"},
				"up": {"uv": [7, 5, 6, 3], "texture": "#1"},
				"down": {"uv": [7, 5, 6, 7], "texture": "#1"}
			}
		},
		{
			"from": [7.39267, 29.10613, 4.42412],
			"to": [8.59659, 31.49005, 6.80804],
			"rotation": {"angle": 45, "axis": "x", "origin": [7.10463, 27.91417, 8]},
			"faces": {
				"north": {"uv": [2.125, 1.125, 3.125, 2.625], "texture": "#1"},
				"east": {"uv": [7.5, 1.5, 9, 3], "texture": "#1"},
				"south": {"uv": [2.75, 0.25, 3.75, 1.75], "texture": "#1"},
				"west": {"uv": [6, 1.5, 7.5, 3], "texture": "#1"},
				"up": {"uv": [3.25, 9.75, 2.25, 8.25], "texture": "#1"},
				"down": {"uv": [3.375, 9, 2.375, 10.5], "texture": "#1"}
			}
		}
	],
	"display": {
		"thirdperson_righthand": {
			"translation": [0, 7.25, 1.5],
			"scale": [0.63281, 0.63281, 0.63281]
		},
		"thirdperson_lefthand": {
			"translation": [0, 7.25, 1.5],
			"scale": [0.63281, 0.63281, 0.63281]
		},
		"firstperson_righthand": {
			"rotation": [-7, 4, 0],
			"translation": [3.5, 4.5, 0.5],
			"scale": [0.35742, 0.35742, 0.35742]
		},
		"firstperson_lefthand": {
			"rotation": [-7, 4, 0],
			"translation": [3.5, 4.5, 0.5],
			"scale": [0.35742, 0.35742, 0.35742]
		},
		"ground": {
			"rotation": [-84, -62, 20],
			"translation": [0, 1.25, 0],
			"scale": [0.51563, 0.51563, 0.51563]
		},
		"gui": {
			"rotation": [-90, -47.5, -90],
			"translation": [0, -0.25, 0],
			"scale": [0.41797, 0.41797, 0.41797]
		},
		"head": {
			"rotation": [-180, 90, 0],
			"translation": [0, 11.75, 0]
		},
		"fixed": {
			"rotation": [0, 90, 0],
			"scale": [1.12891, 1.12891, 1.12891]
		}
	},
	"groups": [
		{
			"name": "group",
			"origin": [8, 14.36, 12.92],
			"color": 0,
			"children": [0, 1, 2, 3]
		},
		{
			"name": "group",
			"origin": [8, 14.36, 12.92],
			"color": 0,
			"children": [4, 5, 6, 7]
		},
		{
			"name": "group",
			"origin": [8, 14.36, 12.92],
			"color": 0,
			"children": [8, 9, 10, 11, 12, 13, 14, 15]
		},
		16,
		17,
		18,
		19,
		{
			"name": "group",
			"origin": [8, 1.64, 3.08],
			"color": 0,
			"children": [20, 21, 22, 23, 24, 25, 26, 27, 28, 29, 30, 31, 32, 33, 34]
		},
		{
			"name": "group",
			"origin": [8.00063, 6.96625, 10],
			"color": 0,
			"children": [35, 36, 37, 38, 39, 40, 41, 42, 43, 44, 45, 46, 47, 48, 49, 50, 51]
		},
		{
			"name": "group",
			"origin": [7.10463, 27.91417, 8],
			"color": 0,
			"children": [52, 53]
		}
	]
}