{
	"credit": "Made with Blockbench",
	"texture_size": [32, 32],
	"textures": {
		"0": "item/jaxe1",
		"1": "item/jaxe2",
		"2": "item/jaxe3",
		"3": "item/jaxe4",
		"4": "item/jaxe5",
		"particle": "item/jaxe1"
	},
	"elements": [
		{
			"from": [5.52067, -1.82787, 7.5],
			"to": [6.82067, 6.37213, 8.5],
			"rotation": {"angle": 0, "axis": "y", "origin": [-2.32933, -4.82787, -0.5]},
			"faces": {
				"north": {"uv": [1, 0, 1.625, 4.125], "texture": "#4"},
				"east": {"uv": [1, 0, 1.5, 4.125], "texture": "#4"},
				"south": {"uv": [1, 0, 1.625, 4.125], "texture": "#4"},
				"west": {"uv": [1, 0, 1.5, 4.125], "texture": "#4"},
				"up": {"uv": [6.125, 0.5, 5.5, 0], "texture": "#4"},
				"down": {"uv": [1.125, 5.5, 0.5, 6], "texture": "#4"}
			}
		},
		{
			"from": [5.37067, 6.37213, 7.4],
			"to": [6.97067, 13.17213, 8.6],
			"rotation": {"angle": 0, "axis": "y", "origin": [-2.32933, -2.07787, -0.5]},
			"faces": {
				"north": {"uv": [3, 0, 3.75, 3.375], "texture": "#4"},
				"east": {"uv": [3, 0, 3.625, 3.375], "texture": "#4"},
				"south": {"uv": [3, 0, 3.75, 3.375], "texture": "#4"},
				"west": {"uv": [2.975, 0, 3.6, 3.375], "texture": "#4"},
				"up": {"uv": [5.25, 3.625, 4.5, 3], "texture": "#4"},
				"down": {"uv": [4.75, 4.5, 4, 5.125], "texture": "#4"}
			}
		},
		{
			"from": [5.27067, 7.37213, 7.3],
			"to": [7.07067, 9.17213, 8.7],
			"rotation": {"angle": 0, "axis": "y", "origin": [-2.32933, -2.07787, -0.5]},
			"faces": {
				"north": {"uv": [0, 4, 3.5, 7.5], "texture": "#3"},
				"east": {"uv": [4, 0, 7, 3.5], "texture": "#3"},
				"south": {"uv": [0, 4, 3.5, 7.5], "texture": "#3"},
				"west": {"uv": [4, 4, 7, 7.5], "texture": "#3"},
				"up": {"uv": [3.5, 11, 0, 8], "texture": "#3"},
				"down": {"uv": [11.5, 0, 8, 3], "texture": "#3"}
			}
		},
		{
			"from": [5.37067, 4.37213, 7.4],
			"to": [6.97067, 5.17213, 8.6],
			"rotation": {"angle": 0, "axis": "y", "origin": [-2.32933, -2.07787, -0.5]},
			"faces": {
				"north": {"uv": [12, 10, 15, 11.5], "texture": "#3"},
				"east": {"uv": [12, 12, 14.5, 13.5], "texture": "#3"},
				"south": {"uv": [12, 10, 15, 11.5], "texture": "#3"},
				"west": {"uv": [12, 14, 14.5, 15.5], "texture": "#3"},
				"up": {"uv": [15, 2.5, 12, 0], "texture": "#3"},
				"down": {"uv": [7, 12, 4, 14.5], "texture": "#3"}
			}
		},
		{
			"from": [5.37067, -3.62787, 7.4],
			"to": [6.97067, -1.82787, 8.6],
			"rotation": {"angle": 0, "axis": "y", "origin": [-2.32933, -2.07787, -0.5]},
			"faces": {
				"north": {"uv": [8, 4, 11, 7.5], "texture": "#3"},
				"east": {"uv": [8, 8, 10.5, 11.5], "texture": "#3"},
				"south": {"uv": [8, 4, 11, 7.5], "texture": "#3"},
				"west": {"uv": [0, 12, 2.5, 15.5], "texture": "#3"},
				"up": {"uv": [15, 6.5, 12, 4], "texture": "#3"},
				"down": {"uv": [11, 12, 8, 14.5], "texture": "#3"}
			}
		},
		{
			"from": [5.42067, 14.87213, 7.4],
			"to": [6.92067, 16.67213, 8.6],
			"rotation": {"angle": 0, "axis": "y", "origin": [-2.32933, -2.07787, -0.5]},
			"faces": {
				"north": {"uv": [0.5, 4.5, 1.25, 5.375], "texture": "#4"},
				"east": {"uv": [0.5, 4.5, 1.125, 5.375], "texture": "#4"},
				"south": {"uv": [0.5, 4.5, 1.25, 5.375], "texture": "#4"},
				"west": {"uv": [0.625, 4.5, 1.25, 5.375], "texture": "#4"},
				"up": {"uv": [5.75, 4.625, 5, 4], "texture": "#4"},
				"down": {"uv": [5.75, 5, 5, 5.625], "texture": "#4"}
			}
		},
		{
			"from": [6.17458, 16.36119, 7.40781],
			"to": [7.2277, 17.41822, 8.59219],
			"rotation": {"angle": -45, "axis": "z", "origin": [6.17067, 17.42213, 8]},
			"faces": {
				"north": {"uv": [4.5, 4, 5, 4.5], "texture": "#4"},
				"east": {"uv": [5.5, 0.5, 6.125, 1], "texture": "#4"},
				"south": {"uv": [5.5, 1.5, 6, 2], "texture": "#4"},
				"west": {"uv": [5.5, 1, 6.125, 1.5], "texture": "#4"},
				"up": {"uv": [2, 5.125, 1.5, 4.5], "texture": "#4"},
				"down": {"uv": [2, 5.5, 1.5, 6.125], "texture": "#4"}
			}
		},
		{
			"from": [4.67067, 12.71502, 7.3],
			"to": [7.67067, 15.71502, 8.7],
			"rotation": {"angle": -45, "axis": "z", "origin": [6.17067, 14.21502, 8]},
			"faces": {
				"north": {"uv": [3, 3, 0, 6], "texture": "#2"},
				"east": {"uv": [3, 0, 4.5, 3], "texture": "#2"},
				"south": {"uv": [0, 3, 3, 6], "texture": "#2"},
				"west": {"uv": [3, 3, 4.5, 6], "texture": "#2"},
				"up": {"uv": [8, 1.5, 5, 0], "texture": "#2"},
				"down": {"uv": [8, 2, 5, 3.5], "texture": "#2"}
			}
		},
		{
			"from": [5.13532, 13.30038, 7.1],
			"to": [7.13532, 15.20038, 8.9],
			"rotation": {"angle": 0, "axis": "y", "origin": [6.13532, 14.25038, 8]},
			"faces": {
				"north": {"uv": [5, 4, 7, 6], "texture": "#2"},
				"east": {"uv": [2, 6, 3.75, 8], "texture": "#2"},
				"south": {"uv": [5, 4, 7, 6], "texture": "#2"},
				"west": {"uv": [4, 6, 5.75, 8], "texture": "#2"},
				"up": {"uv": [8, 7.75, 6, 6], "texture": "#2"},
				"down": {"uv": [9, 4, 7, 5.75], "texture": "#2"}
			}
		},
		{
			"from": [-1.7, 7, 7.5],
			"to": [5.3, 21, 8.5],
			"rotation": {"angle": 0, "axis": "y", "origin": [5.3, 7, 7]},
			"faces": {
				"north": {"uv": [7, 0, 3.5, 7], "texture": "#0"},
				"east": {"uv": [3.5, 7, 4, 14], "texture": "#0"},
				"south": {"uv": [3.5, 0, 7, 7], "texture": "#0"},
				"west": {"uv": [4, 7, 4.5, 14], "texture": "#0"},
				"up": {"uv": [9, 7.5, 5.5, 7], "texture": "#0"},
				"down": {"uv": [9, 7.5, 5.5, 8], "texture": "#0"}
			}
		},
		{
			"from": [-1.09657, 15.01923, 7.36],
			"to": [-0.56657, 20.49323, 8.64],
			"rotation": {"angle": -22.5, "axis": "z", "origin": [0.88743, 17.11523, 8]},
			"faces": {
				"north": {"uv": [4, 8.5, 4.25, 11.25], "texture": "#1"},
				"east": {"uv": [2, 0, 2.75, 2.75], "texture": "#1"},
				"south": {"uv": [4, 8.5, 4.25, 11.25], "texture": "#1"},
				"west": {"uv": [0, 3, 0.75, 5.75], "texture": "#1"},
				"up": {"uv": [10.25, 12.25, 10, 11.5], "texture": "#1"},
				"down": {"uv": [11.75, 10, 11.5, 10.75], "texture": "#1"}
			}
		},
		{
			"from": [1.0633, 20.80517, 7.36],
			"to": [1.97715, 21.71017, 8.64],
			"rotation": {"angle": 0, "axis": "y", "origin": [0.88743, 17.11523, 8]},
			"faces": {
				"north": {"uv": [11.5, 4, 12, 4.5], "texture": "#1"},
				"east": {"uv": [10.5, 1, 11.25, 1.5], "texture": "#1"},
				"south": {"uv": [11.5, 4, 12, 4.5], "texture": "#1"},
				"west": {"uv": [10.5, 1.5, 11.25, 2], "texture": "#1"},
				"up": {"uv": [11, 2.75, 10.5, 2], "texture": "#1"},
				"down": {"uv": [11, 3, 10.5, 3.75], "texture": "#1"}
			}
		},
		{
			"from": [-2.23485, 19.47001, 7.36],
			"to": [-0.95485, 20.49323, 8.64],
			"rotation": {"angle": -45, "axis": "z", "origin": [0.88743, 17.11523, 8]},
			"faces": {
				"north": {"uv": [10.5, 5, 11.25, 5.5], "texture": "#1"},
				"east": {"uv": [10.5, 4.5, 11.25, 5], "texture": "#1"},
				"south": {"uv": [10.5, 5, 11.25, 5.5], "texture": "#1"},
				"west": {"uv": [10.5, 5.5, 11.25, 6], "texture": "#1"},
				"up": {"uv": [2.75, 9.75, 2, 9], "texture": "#1"},
				"down": {"uv": [9.75, 2, 9, 2.75], "texture": "#1"}
			}
		},
		{
			"from": [3.55169, 17.3879, 7.36],
			"to": [3.96216, 21.0365, 8.64],
			"rotation": {"angle": 22.5, "axis": "z", "origin": [3.33119, 14.0539, 8]},
			"faces": {
				"north": {"uv": [2, 10, 2.25, 11.75], "texture": "#1"},
				"east": {"uv": [5, 2, 5.75, 3.75], "texture": "#1"},
				"south": {"uv": [2, 10, 2.25, 11.75], "texture": "#1"},
				"west": {"uv": [5, 4, 5.75, 5.75], "texture": "#1"},
				"up": {"uv": [10.75, 12.25, 10.5, 11.5], "texture": "#1"},
				"down": {"uv": [11.75, 11, 11.5, 11.75], "texture": "#1"}
			}
		},
		{
			"from": [4.82119, 13.9979, 7.36],
			"to": [5.25119, 17.0579, 8.64],
			"rotation": {"angle": 45, "axis": "z", "origin": [3.33119, 14.0379, 8]},
			"faces": {
				"north": {"uv": [8, 10.5, 8.25, 12], "texture": "#1"},
				"east": {"uv": [5, 6, 5.75, 7.5], "texture": "#1"},
				"south": {"uv": [8, 10.5, 8.25, 12], "texture": "#1"},
				"west": {"uv": [6, 5.5, 6.75, 7], "texture": "#1"},
				"up": {"uv": [0.25, 12.75, 0, 12], "texture": "#1"},
				"down": {"uv": [12.25, 0, 12, 0.75], "texture": "#1"}
			}
		},
		{
			"from": [4.71119, 13.7779, 7.36],
			"to": [6.77119, 15.0579, 8.64],
			"rotation": {"angle": 22.5, "axis": "z", "origin": [3.33119, 14.0379, 8]},
			"faces": {
				"north": {"uv": [0, 8, 1, 8.75], "texture": "#1"},
				"east": {"uv": [3, 9, 3.75, 9.75], "texture": "#1"},
				"south": {"uv": [0, 8, 1, 8.75], "texture": "#1"},
				"west": {"uv": [9, 3, 9.75, 3.75], "texture": "#1"},
				"up": {"uv": [9, 0.75, 8, 0], "texture": "#1"},
				"down": {"uv": [2, 8, 1, 8.75], "texture": "#1"}
			}
		},
		{
			"from": [-1.74735, 12.45829, 7.36],
			"to": [-1.20173, 15.9737, 8.64],
			"rotation": {"angle": 0, "axis": "y", "origin": [0.89915, 17.14648, 8]},
			"faces": {
				"north": {"uv": [2.5, 10, 2.75, 11.75], "texture": "#1"},
				"east": {"uv": [0, 6, 0.75, 7.75], "texture": "#1"},
				"south": {"uv": [2.5, 10, 2.75, 11.75], "texture": "#1"},
				"west": {"uv": [6, 0, 6.75, 1.75], "texture": "#1"},
				"up": {"uv": [0.75, 12.75, 0.5, 12], "texture": "#1"},
				"down": {"uv": [1.25, 12, 1, 12.75], "texture": "#1"}
			}
		},
		{
			"from": [-1.09657, 7.90677, 7.36],
			"to": [-0.56657, 13.38077, 8.64],
			"rotation": {"angle": 22.5, "axis": "z", "origin": [0.88743, 11.28477, 8]},
			"faces": {
				"north": {"uv": [5, 8.5, 5.25, 11.25], "texture": "#1"},
				"east": {"uv": [3, 0, 3.75, 2.75], "texture": "#1"},
				"south": {"uv": [5, 8.5, 5.25, 11.25], "texture": "#1"},
				"west": {"uv": [1, 3, 1.75, 5.75], "texture": "#1"},
				"up": {"uv": [12.25, 1.75, 12, 1], "texture": "#1"},
				"down": {"uv": [1.75, 12, 1.5, 12.75], "texture": "#1"}
			}
		},
		{
			"from": [1.0633, 6.68983, 7.36],
			"to": [1.97715, 7.59483, 8.64],
			"rotation": {"angle": 0, "axis": "y", "origin": [0.88743, 11.28477, 8]},
			"faces": {
				"north": {"uv": [11.5, 4.5, 12, 5], "texture": "#1"},
				"east": {"uv": [8.5, 10.5, 9.25, 11], "texture": "#1"},
				"south": {"uv": [11.5, 4.5, 12, 5], "texture": "#1"},
				"west": {"uv": [9.5, 10.5, 10.25, 11], "texture": "#1"},
				"up": {"uv": [11, 10.25, 10.5, 9.5], "texture": "#1"},
				"down": {"uv": [11, 10.5, 10.5, 11.25], "texture": "#1"}
			}
		},
		{
			"from": [-2.23485, 7.90677, 7.36],
			"to": [-0.95485, 8.92999, 8.64],
			"rotation": {"angle": 45, "axis": "z", "origin": [0.88743, 11.28477, 8]},
			"faces": {
				"north": {"uv": [11, 2, 11.75, 2.5], "texture": "#1"},
				"east": {"uv": [11, 0.5, 11.75, 1], "texture": "#1"},
				"south": {"uv": [11, 2, 11.75, 2.5], "texture": "#1"},
				"west": {"uv": [11, 2.5, 11.75, 3], "texture": "#1"},
				"up": {"uv": [9.75, 4.75, 9, 4], "texture": "#1"},
				"down": {"uv": [9.75, 5, 9, 5.75], "texture": "#1"}
			}
		},
		{
			"from": [3.55169, 7.3635, 7.36],
			"to": [3.96216, 11.0121, 8.64],
			"rotation": {"angle": -22.5, "axis": "z", "origin": [3.33119, 14.3461, 8]},
			"faces": {
				"north": {"uv": [3.5, 10, 3.75, 11.75], "texture": "#1"},
				"east": {"uv": [1, 6, 1.75, 7.75], "texture": "#1"},
				"south": {"uv": [3.5, 10, 3.75, 11.75], "texture": "#1"},
				"west": {"uv": [2, 6, 2.75, 7.75], "texture": "#1"},
				"up": {"uv": [2.25, 12.75, 2, 12], "texture": "#1"},
				"down": {"uv": [12.25, 2, 12, 2.75], "texture": "#1"}
			}
		},
		{
			"from": [4.82119, 11.3421, 7.36],
			"to": [5.25119, 14.4021, 8.64],
			"rotation": {"angle": -45, "axis": "z", "origin": [3.33119, 14.3621, 8]},
			"faces": {
				"north": {"uv": [7, 11, 7.25, 12.5], "texture": "#1"},
				"east": {"uv": [7, 0, 7.75, 1.5], "texture": "#1"},
				"south": {"uv": [7, 11, 7.25, 12.5], "texture": "#1"},
				"west": {"uv": [7, 1.5, 7.75, 3], "texture": "#1"},
				"up": {"uv": [2.75, 12.75, 2.5, 12], "texture": "#1"},
				"down": {"uv": [3.25, 12, 3, 12.75], "texture": "#1"}
			}
		},
		{
			"from": [4.71119, 13.3421, 7.36],
			"to": [6.77119, 14.6221, 8.64],
			"rotation": {"angle": -22.5, "axis": "z", "origin": [3.33119, 14.3621, 8]},
			"faces": {
				"north": {"uv": [2, 8, 3, 8.75], "texture": "#1"},
				"east": {"uv": [6, 9, 6.75, 9.75], "texture": "#1"},
				"south": {"uv": [2, 8, 3, 8.75], "texture": "#1"},
				"west": {"uv": [9, 6, 9.75, 6.75], "texture": "#1"},
				"up": {"uv": [9, 2.75, 8, 2], "texture": "#1"},
				"down": {"uv": [4, 8, 3, 8.75], "texture": "#1"}
			}
		},
		{
			"from": [12.86657, 15.01923, 7.36],
			"to": [13.39657, 20.49323, 8.64],
			"rotation": {"angle": 22.5, "axis": "z", "origin": [11.41257, 17.11523, 8]},
			"faces": {
				"north": {"uv": [4.25, 8.5, 4, 11.25], "texture": "#1"},
				"east": {"uv": [0.75, 3, 0, 5.75], "texture": "#1"},
				"south": {"uv": [4.25, 8.5, 4, 11.25], "texture": "#1"},
				"west": {"uv": [2.75, 0, 2, 2.75], "texture": "#1"},
				"up": {"uv": [10, 12.25, 10.25, 11.5], "texture": "#1"},
				"down": {"uv": [11.5, 10, 11.75, 10.75], "texture": "#1"}
			}
		},
		{
			"from": [10.32285, 20.80517, 7.36],
			"to": [11.2367, 21.71017, 8.64],
			"rotation": {"angle": 0, "axis": "y", "origin": [11.41257, 17.11523, 8]},
			"faces": {
				"north": {"uv": [12, 4, 11.5, 4.5], "texture": "#1"},
				"east": {"uv": [11.25, 1.5, 10.5, 2], "texture": "#1"},
				"south": {"uv": [12, 4, 11.5, 4.5], "texture": "#1"},
				"west": {"uv": [11.25, 1, 10.5, 1.5], "texture": "#1"},
				"up": {"uv": [10.5, 2.75, 11, 2], "texture": "#1"},
				"down": {"uv": [10.5, 3, 11, 3.75], "texture": "#1"}
			}
		},
		{
			"from": [13.25485, 19.47001, 7.36],
			"to": [14.53485, 20.49323, 8.64],
			"rotation": {"angle": 45, "axis": "z", "origin": [11.41257, 17.11523, 8]},
			"faces": {
				"north": {"uv": [11.25, 5, 10.5, 5.5], "texture": "#1"},
				"east": {"uv": [11.25, 5.5, 10.5, 6], "texture": "#1"},
				"south": {"uv": [11.25, 5, 10.5, 5.5], "texture": "#1"},
				"west": {"uv": [11.25, 4.5, 10.5, 5], "texture": "#1"},
				"up": {"uv": [2, 9.75, 2.75, 9], "texture": "#1"},
				"down": {"uv": [9, 2, 9.75, 2.75], "texture": "#1"}
			}
		},
		{
			"from": [8.33784, 17.3879, 7.36],
			"to": [8.74831, 21.0365, 8.64],
			"rotation": {"angle": -22.5, "axis": "z", "origin": [8.96881, 14.0539, 8]},
			"faces": {
				"north": {"uv": [2.25, 10, 2, 11.75], "texture": "#1"},
				"east": {"uv": [5.75, 4, 5, 5.75], "texture": "#1"},
				"south": {"uv": [2.25, 10, 2, 11.75], "texture": "#1"},
				"west": {"uv": [5.75, 2, 5, 3.75], "texture": "#1"},
				"up": {"uv": [10.5, 12.25, 10.75, 11.5], "texture": "#1"},
				"down": {"uv": [11.5, 11, 11.75, 11.75], "texture": "#1"}
			}
		},
		{
			"from": [7.04881, 13.9979, 7.36],
			"to": [7.47881, 17.0579, 8.64],
			"rotation": {"angle": -45, "axis": "z", "origin": [8.96881, 14.0379, 8]},
			"faces": {
				"north": {"uv": [8.25, 10.5, 8, 12], "texture": "#1"},
				"east": {"uv": [6.75, 5.5, 6, 7], "texture": "#1"},
				"south": {"uv": [8.25, 10.5, 8, 12], "texture": "#1"},
				"west": {"uv": [5.75, 6, 5, 7.5], "texture": "#1"},
				"up": {"uv": [0, 12.75, 0.25, 12], "texture": "#1"},
				"down": {"uv": [12, 0, 12.25, 0.75], "texture": "#1"}
			}
		},
		{
			"from": [5.52881, 13.7779, 7.36],
			"to": [7.58881, 15.0579, 8.64],
			"rotation": {"angle": -22.5, "axis": "z", "origin": [8.96881, 14.0379, 8]},
			"faces": {
				"north": {"uv": [1, 8, 0, 8.75], "texture": "#1"},
				"east": {"uv": [9.75, 3, 9, 3.75], "texture": "#1"},
				"south": {"uv": [1, 8, 0, 8.75], "texture": "#1"},
				"west": {"uv": [3.75, 9, 3, 9.75], "texture": "#1"},
				"up": {"uv": [8, 0.75, 9, 0], "texture": "#1"},
				"down": {"uv": [1, 8, 2, 8.75], "texture": "#1"}
			}
		},
		{
			"from": [13.50173, 12.45829, 7.36],
			"to": [14.04735, 15.9737, 8.64],
			"rotation": {"angle": 0, "axis": "y", "origin": [11.40085, 17.14648, 8]},
			"faces": {
				"north": {"uv": [2.75, 10, 2.5, 11.75], "texture": "#1"},
				"east": {"uv": [6.75, 0, 6, 1.75], "texture": "#1"},
				"south": {"uv": [2.75, 10, 2.5, 11.75], "texture": "#1"},
				"west": {"uv": [0.75, 6, 0, 7.75], "texture": "#1"},
				"up": {"uv": [0.5, 12.75, 0.75, 12], "texture": "#1"},
				"down": {"uv": [1, 12, 1.25, 12.75], "texture": "#1"}
			}
		},
		{
			"from": [12.86657, 7.90677, 7.36],
			"to": [13.39657, 13.38077, 8.64],
			"rotation": {"angle": -22.5, "axis": "z", "origin": [11.41257, 11.28477, 8]},
			"faces": {
				"north": {"uv": [5.25, 8.5, 5, 11.25], "texture": "#1"},
				"east": {"uv": [1.75, 3, 1, 5.75], "texture": "#1"},
				"south": {"uv": [5.25, 8.5, 5, 11.25], "texture": "#1"},
				"west": {"uv": [3.75, 0, 3, 2.75], "texture": "#1"},
				"up": {"uv": [12, 1.75, 12.25, 1], "texture": "#1"},
				"down": {"uv": [1.5, 12, 1.75, 12.75], "texture": "#1"}
			}
		},
		{
			"from": [10.32285, 6.68983, 7.36],
			"to": [11.2367, 7.59483, 8.64],
			"rotation": {"angle": 0, "axis": "y", "origin": [11.41257, 11.28477, 8]},
			"faces": {
				"north": {"uv": [12, 4.5, 11.5, 5], "texture": "#1"},
				"east": {"uv": [10.25, 10.5, 9.5, 11], "texture": "#1"},
				"south": {"uv": [12, 4.5, 11.5, 5], "texture": "#1"},
				"west": {"uv": [9.25, 10.5, 8.5, 11], "texture": "#1"},
				"up": {"uv": [10.5, 10.25, 11, 9.5], "texture": "#1"},
				"down": {"uv": [10.5, 10.5, 11, 11.25], "texture": "#1"}
			}
		},
		{
			"from": [13.25485, 7.90677, 7.36],
			"to": [14.53485, 8.92999, 8.64],
			"rotation": {"angle": -45, "axis": "z", "origin": [11.41257, 11.28477, 8]},
			"faces": {
				"north": {"uv": [11.75, 2, 11, 2.5], "texture": "#1"},
				"east": {"uv": [11.75, 2.5, 11, 3], "texture": "#1"},
				"south": {"uv": [11.75, 2, 11, 2.5], "texture": "#1"},
				"west": {"uv": [11.75, 0.5, 11, 1], "texture": "#1"},
				"up": {"uv": [9, 4.75, 9.75, 4], "texture": "#1"},
				"down": {"uv": [9, 5, 9.75, 5.75], "texture": "#1"}
			}
		},
		{
			"from": [8.33784, 7.3635, 7.36],
			"to": [8.74831, 11.0121, 8.64],
			"rotation": {"angle": 22.5, "axis": "z", "origin": [8.96881, 14.3461, 8]},
			"faces": {
				"north": {"uv": [3.75, 10, 3.5, 11.75], "texture": "#1"},
				"east": {"uv": [2.75, 6, 2, 7.75], "texture": "#1"},
				"south": {"uv": [3.75, 10, 3.5, 11.75], "texture": "#1"},
				"west": {"uv": [1.75, 6, 1, 7.75], "texture": "#1"},
				"up": {"uv": [2, 12.75, 2.25, 12], "texture": "#1"},
				"down": {"uv": [12, 2, 12.25, 2.75], "texture": "#1"}
			}
		},
		{
			"from": [7.04881, 11.3421, 7.36],
			"to": [7.47881, 14.4021, 8.64],
			"rotation": {"angle": 45, "axis": "z", "origin": [8.96881, 14.3621, 8]},
			"faces": {
				"north": {"uv": [7.25, 11, 7, 12.5], "texture": "#1"},
				"east": {"uv": [7.75, 1.5, 7, 3], "texture": "#1"},
				"south": {"uv": [7.25, 11, 7, 12.5], "texture": "#1"},
				"west": {"uv": [7.75, 0, 7, 1.5], "texture": "#1"},
				"up": {"uv": [2.5, 12.75, 2.75, 12], "texture": "#1"},
				"down": {"uv": [3, 12, 3.25, 12.75], "texture": "#1"}
			}
		},
		{
			"from": [5.52881, 13.3421, 7.36],
			"to": [7.58881, 14.6221, 8.64],
			"rotation": {"angle": 22.5, "axis": "z", "origin": [8.96881, 14.3621, 8]},
			"faces": {
				"north": {"uv": [3, 8, 2, 8.75], "texture": "#1"},
				"east": {"uv": [9.75, 6, 9, 6.75], "texture": "#1"},
				"south": {"uv": [3, 8, 2, 8.75], "texture": "#1"},
				"west": {"uv": [6.75, 9, 6, 9.75], "texture": "#1"},
				"up": {"uv": [8, 2.75, 9, 2], "texture": "#1"},
				"down": {"uv": [3, 8, 4, 8.75], "texture": "#1"}
			}
		},
		{
			"from": [7, 7, 7.5],
			"to": [14, 21, 8.5],
			"rotation": {"angle": 0, "axis": "y", "origin": [7, 7, 7]},
			"faces": {
				"north": {"uv": [3.5, 0, 7, 7], "texture": "#0"},
				"east": {"uv": [4.5, 7, 5, 14], "texture": "#0"},
				"south": {"uv": [7, 0, 3.5, 7], "texture": "#0"},
				"west": {"uv": [5, 7, 5.5, 14], "texture": "#0"},
				"up": {"uv": [9, 8.5, 5.5, 8], "texture": "#0"},
				"down": {"uv": [9, 8.5, 5.5, 9], "texture": "#0"}
			}
		}
	],
	"display": {
		"thirdperson_righthand": {
			"rotation": [-160.59, -75.18, -172.82],
			"translation": [-0.25, 4.75, 3.75]
		},
		"thirdperson_lefthand": {
			"rotation": [-160.59, -75.18, -172.82],
			"translation": [0.5, 4.75, 0.25]
		},
		"firstperson_righthand": {
			"rotation": [158.25, -89.25, 180],
			"translation": [2, 2, 0],
			"scale": [0.61328, 0.61328, 0.61328]
		},
		"firstperson_lefthand": {
			"rotation": [158.25, -89.25, 180],
			"translation": [2, 2, 0],
			"scale": [0.61328, 0.61328, 0.61328]
		},
		"ground": {
			"rotation": [-78.03, -4.13, -40.46],
			"translation": [0, -2.75, 0],
			"scale": [0.37305, 0.37305, 0.37305]
		},
		"gui": {
			"translation": [8.5, 39.25, 0],
			"scale": [4, 4, 4]
		},
		"head": {
			"rotation": [0, 0, -180],
			"translation": [-1.75, 14, 0]
		},
		"fixed": {
			"translation": [7.25, 0, 0],
			"scale": [4, 4, 4]
		}
	},
	"groups": [
		{
			"name": "group",
			"origin": [6.13532, 14.25038, 8],
			"color": 0,
			"children": [0, 1, 2, 3, 4, 5, 6, 7, 8]
		},
		{
			"name": "group",
			"origin": [11.47117, 11.33164, 8],
			"color": 0,
			"children": [
				9,
				{
					"name": "group",
					"origin": [3.33119, 14.3621, 8],
					"color": 0,
					"children": [10, 11, 12, 13, 14, 15, 16, 17, 18, 19, 20, 21, 22]
				},
				{
					"name": "group",
					"origin": [3.33119, 14.3621, 8],
					"color": 0,
					"children": [23, 24, 25, 26, 27, 28, 29, 30, 31, 32, 33, 34, 35]
				}
			]
		},
		36
	]
}
