{
	"credit": "Made with Blockbench",
	"texture_size": [32, 32],
	"textures": {
		"0": "item/totemmush1",
		"1": "item/totemmush",
		"particle": "item/mushroomhat1"
	},
	"elements": [
		{
			"from": [3.75, 3.9125, 3.75],
			"to": [12.25, 5.9125, 12.25],
			"rotation": {"angle": 0, "axis": "y", "origin": [7, 1.9125, 7]},
			"faces": {
				"north": {"uv": [8, 0, 12.25, 1], "texture": "#0"},
				"east": {"uv": [8, 1, 12.25, 2], "texture": "#0"},
				"south": {"uv": [8, 2, 12.25, 3], "texture": "#0"},
				"west": {"uv": [8, 3, 12.25, 4], "texture": "#0"},
				"up": {"uv": [4.25, 4.25, 0, 0], "texture": "#0"},
				"down": {"uv": [4.25, 4.5, 0, 8.75], "texture": "#0"}
			}
		},
		{
			"from": [4.75, 5.9125, 4.75],
			"to": [11.25, 7.1625, 11.25],
			"rotation": {"angle": 0, "axis": "y", "origin": [7, 1.9125, 7]},
			"faces": {
				"north": {"uv": [8, 4, 11.25, 4.75], "texture": "#0"},
				"east": {"uv": [8, 5, 11.25, 5.75], "texture": "#0"},
				"south": {"uv": [8, 6, 11.25, 6.75], "texture": "#0"},
				"west": {"uv": [0, 9, 3.25, 9.75], "texture": "#0"},
				"up": {"uv": [7.75, 3.25, 4.5, 0], "texture": "#0"},
				"down": {"uv": [7.75, 3.5, 4.5, 6.75], "texture": "#0"}
			}
		},
		{
			"from": [5.75, 7.1625, 5.75],
			"to": [10.25, 7.9125, 10.25],
			"rotation": {"angle": 0, "axis": "y", "origin": [7, 1.9125, 7]},
			"faces": {
				"north": {"uv": [3.5, 9.5, 5.75, 10], "texture": "#0"},
				"east": {"uv": [6, 9.5, 8.25, 10], "texture": "#0"},
				"south": {"uv": [9.5, 7, 11.75, 7.5], "texture": "#0"},
				"west": {"uv": [9.5, 7.5, 11.75, 8], "texture": "#0"},
				"up": {"uv": [6.75, 9.25, 4.5, 7], "texture": "#0"},
				"down": {"uv": [9.25, 7, 7, 9.25], "texture": "#0"}
			}
		},
		{
			"from": [5, 0.1, 5],
			"to": [11, 4.1, 11],
			"rotation": {"angle": 0, "axis": "y", "origin": [7, -0.9, 7]},
			"faces": {
				"north": {"uv": [3, 0, 6, 2], "texture": "#1"},
				"east": {"uv": [3, 2, 6, 4], "texture": "#1"},
				"south": {"uv": [3, 4, 6, 6], "texture": "#1"},
				"west": {"uv": [0, 6, 3, 8], "texture": "#1"},
				"up": {"uv": [3, 3, 0, 0], "texture": "#1"},
				"down": {"uv": [3, 3, 0, 6], "texture": "#1"}
			}
		},
		{
			"from": [4.2, 0, 5.5],
			"to": [10.2, 1.15, 6.75],
			"rotation": {"angle": 0, "axis": "y", "origin": [0, -0.9, 0]},
			"faces": {
				"north": {"uv": [7, 2, 8, 2.75], "texture": "#1"},
				"east": {"uv": [0, 8, 0.75, 8.75], "texture": "#1"},
				"south": {"uv": [7, 3, 8, 3.75], "texture": "#1"},
				"west": {"uv": [8, 0, 8.75, 0.75], "texture": "#1"},
				"up": {"uv": [8, 4.75, 7, 4], "texture": "#1"},
				"down": {"uv": [8, 5, 7, 5.75], "texture": "#1"}
			}
		},
		{
			"from": [4.2, 0, 9.25],
			"to": [10.2, 1.15, 10.5],
			"rotation": {"angle": 0, "axis": "y", "origin": [0, -0.9, 0]},
			"faces": {
				"north": {"uv": [7, 6, 8, 6.75], "texture": "#1"},
				"east": {"uv": [1, 8, 1.75, 8.75], "texture": "#1"},
				"south": {"uv": [7, 7, 8, 7.75], "texture": "#1"},
				"west": {"uv": [8, 1, 8.75, 1.75], "texture": "#1"},
				"up": {"uv": [4, 8.25, 3, 7.5], "texture": "#1"},
				"down": {"uv": [5, 7.5, 4, 8.25], "texture": "#1"}
			}
		},
		{
			"from": [7, 0.65, 4],
			"to": [9, 3.15, 5.75],
			"rotation": {"angle": 45, "axis": "x", "origin": [8, 2.1, 5]},
			"faces": {
				"north": {"uv": [3, 6, 4, 7.25], "texture": "#1"},
				"east": {"uv": [5, 6, 5.75, 7.25], "texture": "#1"},
				"south": {"uv": [6, 3, 7, 4.25], "texture": "#1"},
				"west": {"uv": [6, 6, 6.75, 7.25], "texture": "#1"},
				"up": {"uv": [6, 8.25, 5, 7.5], "texture": "#1"},
				"down": {"uv": [7, 7.5, 6, 8.25], "texture": "#1"}
			}
		},
		{
			"from": [7, 0.65, 10.25],
			"to": [9, 3.15, 12],
			"rotation": {"angle": -45, "axis": "x", "origin": [8, 2.1, 11]},
			"faces": {
				"north": {"uv": [6, 0, 7, 1.25], "texture": "#1"},
				"east": {"uv": [4, 6, 4.75, 7.25], "texture": "#1"},
				"south": {"uv": [6, 1.5, 7, 2.75], "texture": "#1"},
				"west": {"uv": [6, 4.5, 6.75, 5.75], "texture": "#1"},
				"up": {"uv": [8, 0.75, 7, 0], "texture": "#1"},
				"down": {"uv": [8, 1, 7, 1.75], "texture": "#1"}
			}
		}
	],
	"display": {
		"thirdperson_righthand": {
			"rotation": [90, -90, 0],
			"translation": [0.25, -2, 15.75],
			"scale": [0.41406, 0.41406, 0.41406]
		},
		"thirdperson_lefthand": {
			"rotation": [90, 90, 0],
			"translation": [0.25, -2, 15.75],
			"scale": [0.41406, 0.41406, 0.41406]
		},
		"firstperson_righthand": {
			"rotation": [0, 56.75, 0],
			"translation": [1.75, 5, 0],
			"scale": [0.48242, 0.48242, 0.48242]
		},
		"firstperson_lefthand": {
			"rotation": [0, -152, 0],
			"translation": [1.75, 5.25, 0.5],
			"scale": [0.48242, 0.48242, 0.48242]
		},
		"ground": {
			"translation": [0, 6, 0]
		},
		"gui": {
			"rotation": [21.75, 47, 0],
			"translation": [0, 4.75, 0],
			"scale": [1.22656, 1.22656, 1.22656]
		},
		"head": {
			"rotation": [180, -90, 180],
			"translation": [0, 25.75, 0],
			"scale": [2.67383, 2.67383, 2.67383]
		},
		"fixed": {
			"rotation": [-90, 0, 0],
			"translation": [0, 0, -22.5],
			"scale": [2.86328, 2.86328, 2.86328]
		}
	}
}
