{
	"credit": "Made with Blockbench",
	"textures": {
		"1": "item/lantern1",
		"2": "item/lantern2",
		"3": "item/lantern3",
		"4": "item/lantern4",
		"5": "item/lantern5",
		"6": "item/lantern6",
		"particle": "item/lantern3"
	},
	"elements": [
		{
			"from": [7.875, -2.5, 7.875],
			"to": [8.125, 3.5, 8.125],
			"rotation": {"angle": 0, "axis": "y", "origin": [7.375, 13.5, 7.625]},
			"faces": {
				"north": {"uv": [0, 0, 1, 6], "texture": "#4"},
				"east": {"uv": [0, 0, 1, 6], "texture": "#4"},
				"south": {"uv": [0, 0, 1, 6], "texture": "#4"},
				"west": {"uv": [0, 0, 1, 6], "texture": "#4"},
				"up": {"uv": [2, 7, 1, 6], "texture": "#4"},
				"down": {"uv": [7, 1, 6, 2], "texture": "#4"}
			}
		},
		{
			"from": [7.25, -0.75, 7.25],
			"to": [8.75, 0.75, 8.75],
			"rotation": {"angle": 45, "axis": "z", "origin": [8, 0, 8]},
			"faces": {
				"north": {"uv": [0, 0, 2, 2], "texture": "#5"},
				"east": {"uv": [0, 4, 2, 6], "rotation": 90, "texture": "#5"},
				"south": {"uv": [0, 0, 2, 2], "rotation": 90, "texture": "#5"},
				"west": {"uv": [2, 2, 4, 4], "texture": "#5"},
				"up": {"uv": [2, 6, 0, 4], "texture": "#5"},
				"down": {"uv": [6, 0, 4, 2], "texture": "#5"}
			}
		},
		{
			"from": [7.5, -2.25, 9.25],
			"to": [8.5, -1.25, 10.25],
			"rotation": {"angle": 45, "axis": "x", "origin": [8, 0, 8]},
			"faces": {
				"north": {"uv": [2, 4, 3, 5], "texture": "#5"},
				"east": {"uv": [4, 2, 5, 3], "texture": "#5"},
				"south": {"uv": [3, 4, 4, 5], "texture": "#5"},
				"west": {"uv": [4, 3, 5, 4], "texture": "#5"},
				"up": {"uv": [5, 5, 4, 4], "texture": "#5"},
				"down": {"uv": [3, 5, 2, 6], "texture": "#5"}
			}
		},
		{
			"from": [5.45, 5.6, 6.4],
			"to": [5.6, 6.6, 6.65],
			"rotation": {"angle": 45, "axis": "x", "origin": [5.725, 6.35, 6.65]},
			"faces": {
				"north": {"uv": [0, 0, 1, 1], "texture": "#2"},
				"east": {"uv": [0, 1, 1, 2], "texture": "#2"},
				"south": {"uv": [1, 0, 2, 1], "texture": "#2"},
				"west": {"uv": [1, 1, 2, 2], "texture": "#2"},
				"up": {"uv": [1, 3, 0, 2], "texture": "#2"},
				"down": {"uv": [3, 0, 2, 1], "texture": "#2"}
			}
		},
		{
			"from": [5.45, 6.46, 6.76694],
			"to": [5.6, 7.46, 7.01694],
			"rotation": {"angle": 22.5, "axis": "x", "origin": [5.725, 6.96872, 7.09194]},
			"faces": {
				"north": {"uv": [1, 2, 2, 3], "texture": "#2"},
				"east": {"uv": [2, 1, 3, 2], "texture": "#2"},
				"south": {"uv": [2, 2, 3, 3], "texture": "#2"},
				"west": {"uv": [0, 3, 1, 4], "texture": "#2"},
				"up": {"uv": [4, 1, 3, 0], "texture": "#2"},
				"down": {"uv": [2, 3, 1, 4], "texture": "#2"}
			}
		},
		{
			"from": [5.45, 7.45, 6.96694],
			"to": [5.6, 8.55, 7.21694],
			"rotation": {"angle": 0, "axis": "y", "origin": [5.725, 9.03128, 7.09194]},
			"faces": {
				"north": {"uv": [3, 1, 4, 2], "texture": "#2"},
				"east": {"uv": [2, 3, 3, 4], "texture": "#2"},
				"south": {"uv": [3, 2, 4, 3], "texture": "#2"},
				"west": {"uv": [3, 3, 4, 4], "texture": "#2"},
				"up": {"uv": [1, 5, 0, 4], "texture": "#2"},
				"down": {"uv": [5, 0, 4, 1], "texture": "#2"}
			}
		},
		{
			"from": [5.45, 8.54, 6.76694],
			"to": [5.6, 9.54, 7.01694],
			"rotation": {"angle": -22.5, "axis": "x", "origin": [5.725, 9.03128, 7.09194]},
			"faces": {
				"north": {"uv": [1, 4, 2, 5], "texture": "#2"},
				"east": {"uv": [4, 1, 5, 2], "texture": "#2"},
				"south": {"uv": [2, 4, 3, 5], "texture": "#2"},
				"west": {"uv": [4, 2, 5, 3], "texture": "#2"},
				"up": {"uv": [4, 5, 3, 4], "texture": "#2"},
				"down": {"uv": [5, 3, 4, 4], "texture": "#2"}
			}
		},
		{
			"from": [5.45, 9.4, 6.4],
			"to": [5.6, 10.4, 6.65],
			"rotation": {"angle": -45, "axis": "x", "origin": [5.725, 9.65, 6.65]},
			"faces": {
				"north": {"uv": [4, 4, 5, 5], "texture": "#2"},
				"east": {"uv": [0, 5, 1, 6], "texture": "#2"},
				"south": {"uv": [5, 0, 6, 1], "texture": "#2"},
				"west": {"uv": [1, 5, 2, 6], "texture": "#2"},
				"up": {"uv": [6, 2, 5, 1], "texture": "#2"},
				"down": {"uv": [3, 5, 2, 6], "texture": "#2"}
			}
		},
		{
			"from": [5.45, 9.4, 9.35],
			"to": [5.6, 10.4, 9.6],
			"rotation": {"angle": 45, "axis": "x", "origin": [5.725, 9.65, 9.35]},
			"faces": {
				"north": {"uv": [5, 2, 6, 3], "texture": "#2"},
				"east": {"uv": [3, 5, 4, 6], "texture": "#2"},
				"south": {"uv": [5, 3, 6, 4], "texture": "#2"},
				"west": {"uv": [4, 5, 5, 6], "texture": "#2"},
				"up": {"uv": [6, 5, 5, 4], "texture": "#2"},
				"down": {"uv": [6, 5, 5, 6], "texture": "#2"}
			}
		},
		{
			"from": [5.45, 8.54, 8.98306],
			"to": [5.6, 9.54, 9.23306],
			"rotation": {"angle": 22.5, "axis": "x", "origin": [5.725, 9.03128, 8.90806]},
			"faces": {
				"north": {"uv": [0, 6, 1, 7], "texture": "#2"},
				"east": {"uv": [6, 0, 7, 1], "texture": "#2"},
				"south": {"uv": [1, 6, 2, 7], "texture": "#2"},
				"west": {"uv": [6, 1, 7, 2], "texture": "#2"},
				"up": {"uv": [3, 7, 2, 6], "texture": "#2"},
				"down": {"uv": [7, 2, 6, 3], "texture": "#2"}
			}
		},
		{
			"from": [5.45, 7.45, 8.78306],
			"to": [5.6, 8.55, 9.03306],
			"rotation": {"angle": 0, "axis": "y", "origin": [5.725, 9.03128, 8.90806]},
			"faces": {
				"north": {"uv": [3, 6, 4, 7], "texture": "#2"},
				"east": {"uv": [6, 3, 7, 4], "texture": "#2"},
				"south": {"uv": [4, 6, 5, 7], "texture": "#2"},
				"west": {"uv": [6, 4, 7, 5], "texture": "#2"},
				"up": {"uv": [6, 7, 5, 6], "texture": "#2"},
				"down": {"uv": [7, 5, 6, 6], "texture": "#2"}
			}
		},
		{
			"from": [5.45, 6.46, 8.98306],
			"to": [5.6, 7.46, 9.23306],
			"rotation": {"angle": -22.5, "axis": "x", "origin": [5.725, 6.96872, 8.90806]},
			"faces": {
				"north": {"uv": [6, 6, 7, 7], "texture": "#2"},
				"east": {"uv": [0, 7, 1, 8], "texture": "#2"},
				"south": {"uv": [7, 0, 8, 1], "texture": "#2"},
				"west": {"uv": [1, 7, 2, 8], "texture": "#2"},
				"up": {"uv": [8, 2, 7, 1], "texture": "#2"},
				"down": {"uv": [3, 7, 2, 8], "texture": "#2"}
			}
		},
		{
			"from": [5.45, 5.6, 9.35],
			"to": [5.6, 6.6, 9.6],
			"rotation": {"angle": -45, "axis": "x", "origin": [5.725, 6.35, 9.35]},
			"faces": {
				"north": {"uv": [7, 2, 8, 3], "texture": "#2"},
				"east": {"uv": [3, 7, 4, 8], "texture": "#2"},
				"south": {"uv": [7, 3, 8, 4], "texture": "#2"},
				"west": {"uv": [4, 7, 5, 8], "texture": "#2"},
				"up": {"uv": [8, 5, 7, 4], "texture": "#2"},
				"down": {"uv": [6, 7, 5, 8], "texture": "#2"}
			}
		},
		{
			"from": [10.4, 5.6, 9.35],
			"to": [10.55, 6.6, 9.6],
			"rotation": {"angle": -45, "axis": "x", "origin": [10.275, 6.35, 9.35]},
			"faces": {
				"north": {"uv": [7, 5, 8, 6], "texture": "#2"},
				"east": {"uv": [6, 7, 7, 8], "texture": "#2"},
				"south": {"uv": [7, 6, 8, 7], "texture": "#2"},
				"west": {"uv": [7, 7, 8, 8], "texture": "#2"},
				"up": {"uv": [1, 9, 0, 8], "texture": "#2"},
				"down": {"uv": [9, 0, 8, 1], "texture": "#2"}
			}
		},
		{
			"from": [10.4, 6.46, 8.98306],
			"to": [10.55, 7.46, 9.23306],
			"rotation": {"angle": -22.5, "axis": "x", "origin": [10.275, 6.96872, 8.90806]},
			"faces": {
				"north": {"uv": [1, 8, 2, 9], "texture": "#2"},
				"east": {"uv": [8, 1, 9, 2], "texture": "#2"},
				"south": {"uv": [2, 8, 3, 9], "texture": "#2"},
				"west": {"uv": [8, 2, 9, 3], "texture": "#2"},
				"up": {"uv": [4, 9, 3, 8], "texture": "#2"},
				"down": {"uv": [9, 3, 8, 4], "texture": "#2"}
			}
		},
		{
			"from": [10.4, 7.45, 8.78306],
			"to": [10.55, 8.55, 9.03306],
			"rotation": {"angle": 0, "axis": "y", "origin": [10.275, 9.03128, 8.90806]},
			"faces": {
				"north": {"uv": [4, 8, 5, 9], "texture": "#2"},
				"east": {"uv": [8, 4, 9, 5], "texture": "#2"},
				"south": {"uv": [5, 8, 6, 9], "texture": "#2"},
				"west": {"uv": [8, 5, 9, 6], "texture": "#2"},
				"up": {"uv": [7, 9, 6, 8], "texture": "#2"},
				"down": {"uv": [9, 6, 8, 7], "texture": "#2"}
			}
		},
		{
			"from": [10.4, 8.54, 8.98306],
			"to": [10.55, 9.54, 9.23306],
			"rotation": {"angle": 22.5, "axis": "x", "origin": [10.275, 9.03128, 8.90806]},
			"faces": {
				"north": {"uv": [7, 8, 8, 9], "texture": "#2"},
				"east": {"uv": [8, 7, 9, 8], "texture": "#2"},
				"south": {"uv": [8, 8, 9, 9], "texture": "#2"},
				"west": {"uv": [0, 9, 1, 10], "texture": "#2"},
				"up": {"uv": [10, 1, 9, 0], "texture": "#2"},
				"down": {"uv": [2, 9, 1, 10], "texture": "#2"}
			}
		},
		{
			"from": [10.4, 9.4, 9.35],
			"to": [10.55, 10.4, 9.6],
			"rotation": {"angle": 45, "axis": "x", "origin": [10.275, 9.65, 9.35]},
			"faces": {
				"north": {"uv": [9, 1, 10, 2], "texture": "#2"},
				"east": {"uv": [2, 9, 3, 10], "texture": "#2"},
				"south": {"uv": [9, 2, 10, 3], "texture": "#2"},
				"west": {"uv": [3, 9, 4, 10], "texture": "#2"},
				"up": {"uv": [10, 4, 9, 3], "texture": "#2"},
				"down": {"uv": [5, 9, 4, 10], "texture": "#2"}
			}
		},
		{
			"from": [10.4, 9.4, 6.4],
			"to": [10.55, 10.4, 6.65],
			"rotation": {"angle": -45, "axis": "x", "origin": [10.275, 9.65, 6.65]},
			"faces": {
				"north": {"uv": [9, 4, 10, 5], "texture": "#2"},
				"east": {"uv": [5, 9, 6, 10], "texture": "#2"},
				"south": {"uv": [9, 5, 10, 6], "texture": "#2"},
				"west": {"uv": [6, 9, 7, 10], "texture": "#2"},
				"up": {"uv": [10, 7, 9, 6], "texture": "#2"},
				"down": {"uv": [8, 9, 7, 10], "texture": "#2"}
			}
		},
		{
			"from": [10.4, 8.54, 6.76694],
			"to": [10.55, 9.54, 7.01694],
			"rotation": {"angle": -22.5, "axis": "x", "origin": [10.275, 9.03128, 7.09194]},
			"faces": {
				"north": {"uv": [9, 7, 10, 8], "texture": "#2"},
				"east": {"uv": [8, 9, 9, 10], "texture": "#2"},
				"south": {"uv": [9, 8, 10, 9], "texture": "#2"},
				"west": {"uv": [9, 9, 10, 10], "texture": "#2"},
				"up": {"uv": [1, 11, 0, 10], "texture": "#2"},
				"down": {"uv": [11, 0, 10, 1], "texture": "#2"}
			}
		},
		{
			"from": [10.4, 7.45, 6.96694],
			"to": [10.55, 8.55, 7.21694],
			"rotation": {"angle": 0, "axis": "y", "origin": [10.275, 9.03128, 7.09194]},
			"faces": {
				"north": {"uv": [1, 10, 2, 11], "texture": "#2"},
				"east": {"uv": [10, 1, 11, 2], "texture": "#2"},
				"south": {"uv": [2, 10, 3, 11], "texture": "#2"},
				"west": {"uv": [10, 2, 11, 3], "texture": "#2"},
				"up": {"uv": [4, 11, 3, 10], "texture": "#2"},
				"down": {"uv": [11, 3, 10, 4], "texture": "#2"}
			}
		},
		{
			"from": [10.4, 6.46, 6.76694],
			"to": [10.55, 7.46, 7.01694],
			"rotation": {"angle": 22.5, "axis": "x", "origin": [10.275, 6.96872, 7.09194]},
			"faces": {
				"north": {"uv": [4, 10, 5, 11], "texture": "#2"},
				"east": {"uv": [10, 4, 11, 5], "texture": "#2"},
				"south": {"uv": [5, 10, 6, 11], "texture": "#2"},
				"west": {"uv": [10, 5, 11, 6], "texture": "#2"},
				"up": {"uv": [7, 11, 6, 10], "texture": "#2"},
				"down": {"uv": [11, 6, 10, 7], "texture": "#2"}
			}
		},
		{
			"from": [10.4, 5.6, 6.4],
			"to": [10.55, 6.6, 6.65],
			"rotation": {"angle": 45, "axis": "x", "origin": [10.275, 6.35, 6.65]},
			"faces": {
				"north": {"uv": [7, 10, 8, 11], "texture": "#2"},
				"east": {"uv": [10, 7, 11, 8], "texture": "#2"},
				"south": {"uv": [8, 10, 9, 11], "texture": "#2"},
				"west": {"uv": [10, 8, 11, 9], "texture": "#2"},
				"up": {"uv": [10, 11, 9, 10], "texture": "#2"},
				"down": {"uv": [11, 9, 10, 10], "texture": "#2"}
			}
		},
		{
			"from": [9.35, 5.6, 5.45],
			"to": [9.6, 6.6, 5.6],
			"rotation": {"angle": 45, "axis": "z", "origin": [9.35, 6.35, 5.725]},
			"faces": {
				"north": {"uv": [10, 10, 11, 11], "texture": "#2"},
				"east": {"uv": [0, 11, 1, 12], "texture": "#2"},
				"south": {"uv": [11, 0, 12, 1], "texture": "#2"},
				"west": {"uv": [1, 11, 2, 12], "texture": "#2"},
				"up": {"uv": [12, 2, 11, 1], "texture": "#2"},
				"down": {"uv": [3, 11, 2, 12], "texture": "#2"}
			}
		},
		{
			"from": [8.78306, 7.45, 5.45],
			"to": [9.03306, 8.55, 5.6],
			"rotation": {"angle": 0, "axis": "y", "origin": [8.90806, 9.03128, 5.725]},
			"faces": {
				"north": {"uv": [11, 2, 12, 3], "texture": "#2"},
				"east": {"uv": [3, 11, 4, 12], "texture": "#2"},
				"south": {"uv": [11, 3, 12, 4], "texture": "#2"},
				"west": {"uv": [4, 11, 5, 12], "texture": "#2"},
				"up": {"uv": [12, 5, 11, 4], "texture": "#2"},
				"down": {"uv": [6, 11, 5, 12], "texture": "#2"}
			}
		},
		{
			"from": [8.98306, 6.46, 5.45],
			"to": [9.23306, 7.46, 5.6],
			"rotation": {"angle": 22.5, "axis": "z", "origin": [8.90806, 6.96872, 5.725]},
			"faces": {
				"north": {"uv": [11, 5, 12, 6], "texture": "#2"},
				"east": {"uv": [6, 11, 7, 12], "texture": "#2"},
				"south": {"uv": [11, 6, 12, 7], "texture": "#2"},
				"west": {"uv": [7, 11, 8, 12], "texture": "#2"},
				"up": {"uv": [12, 8, 11, 7], "texture": "#2"},
				"down": {"uv": [9, 11, 8, 12], "texture": "#2"}
			}
		},
		{
			"from": [8.98306, 8.54, 5.45],
			"to": [9.23306, 9.54, 5.6],
			"rotation": {"angle": -22.5, "axis": "z", "origin": [8.90806, 9.03128, 5.725]},
			"faces": {
				"north": {"uv": [11, 8, 12, 9], "texture": "#2"},
				"east": {"uv": [9, 11, 10, 12], "texture": "#2"},
				"south": {"uv": [11, 9, 12, 10], "texture": "#2"},
				"west": {"uv": [10, 11, 11, 12], "texture": "#2"},
				"up": {"uv": [12, 11, 11, 10], "texture": "#2"},
				"down": {"uv": [12, 11, 11, 12], "texture": "#2"}
			}
		},
		{
			"from": [9.35, 9.4, 5.45],
			"to": [9.6, 10.4, 5.6],
			"rotation": {"angle": -45, "axis": "z", "origin": [9.35, 9.65, 5.725]},
			"faces": {
				"north": {"uv": [0, 12, 1, 13], "texture": "#2"},
				"east": {"uv": [12, 0, 13, 1], "texture": "#2"},
				"south": {"uv": [1, 12, 2, 13], "texture": "#2"},
				"west": {"uv": [12, 1, 13, 2], "texture": "#2"},
				"up": {"uv": [3, 13, 2, 12], "texture": "#2"},
				"down": {"uv": [13, 2, 12, 3], "texture": "#2"}
			}
		},
		{
			"from": [6.4, 9.4, 5.45],
			"to": [6.65, 10.4, 5.6],
			"rotation": {"angle": 45, "axis": "z", "origin": [6.65, 9.65, 5.725]},
			"faces": {
				"north": {"uv": [3, 12, 4, 13], "texture": "#2"},
				"east": {"uv": [12, 3, 13, 4], "texture": "#2"},
				"south": {"uv": [4, 12, 5, 13], "texture": "#2"},
				"west": {"uv": [12, 4, 13, 5], "texture": "#2"},
				"up": {"uv": [6, 13, 5, 12], "texture": "#2"},
				"down": {"uv": [13, 5, 12, 6], "texture": "#2"}
			}
		},
		{
			"from": [6.76694, 8.54, 5.45],
			"to": [7.01694, 9.54, 5.6],
			"rotation": {"angle": 22.5, "axis": "z", "origin": [7.09194, 9.03128, 5.725]},
			"faces": {
				"north": {"uv": [6, 12, 7, 13], "texture": "#2"},
				"east": {"uv": [12, 6, 13, 7], "texture": "#2"},
				"south": {"uv": [7, 12, 8, 13], "texture": "#2"},
				"west": {"uv": [12, 7, 13, 8], "texture": "#2"},
				"up": {"uv": [9, 13, 8, 12], "texture": "#2"},
				"down": {"uv": [13, 8, 12, 9], "texture": "#2"}
			}
		},
		{
			"from": [6.96694, 7.45, 5.45],
			"to": [7.21694, 8.55, 5.6],
			"rotation": {"angle": 0, "axis": "y", "origin": [7.09194, 9.03128, 5.725]},
			"faces": {
				"north": {"uv": [9, 12, 10, 13], "texture": "#2"},
				"east": {"uv": [12, 9, 13, 10], "texture": "#2"},
				"south": {"uv": [10, 12, 11, 13], "texture": "#2"},
				"west": {"uv": [12, 10, 13, 11], "texture": "#2"},
				"up": {"uv": [12, 13, 11, 12], "texture": "#2"},
				"down": {"uv": [13, 11, 12, 12], "texture": "#2"}
			}
		},
		{
			"from": [6.76694, 6.46, 5.45],
			"to": [7.01694, 7.46, 5.6],
			"rotation": {"angle": -22.5, "axis": "z", "origin": [7.09194, 6.96872, 5.725]},
			"faces": {
				"north": {"uv": [12, 12, 13, 13], "texture": "#2"},
				"east": {"uv": [0, 13, 1, 14], "texture": "#2"},
				"south": {"uv": [13, 0, 14, 1], "texture": "#2"},
				"west": {"uv": [1, 13, 2, 14], "texture": "#2"},
				"up": {"uv": [14, 2, 13, 1], "texture": "#2"},
				"down": {"uv": [3, 13, 2, 14], "texture": "#2"}
			}
		},
		{
			"from": [6.4, 5.6, 5.45],
			"to": [6.65, 6.6, 5.6],
			"rotation": {"angle": -45, "axis": "z", "origin": [6.65, 6.35, 5.725]},
			"faces": {
				"north": {"uv": [13, 2, 14, 3], "texture": "#2"},
				"east": {"uv": [3, 13, 4, 14], "texture": "#2"},
				"south": {"uv": [13, 3, 14, 4], "texture": "#2"},
				"west": {"uv": [4, 13, 5, 14], "texture": "#2"},
				"up": {"uv": [14, 5, 13, 4], "texture": "#2"},
				"down": {"uv": [6, 13, 5, 14], "texture": "#2"}
			}
		},
		{
			"from": [9.35, 9.4, 10.4],
			"to": [9.6, 10.4, 10.55],
			"rotation": {"angle": -45, "axis": "z", "origin": [9.35, 9.65, 10.275]},
			"faces": {
				"north": {"uv": [13, 5, 14, 6], "texture": "#2"},
				"east": {"uv": [6, 13, 7, 14], "texture": "#2"},
				"south": {"uv": [13, 6, 14, 7], "texture": "#2"},
				"west": {"uv": [7, 13, 8, 14], "texture": "#2"},
				"up": {"uv": [14, 8, 13, 7], "texture": "#2"},
				"down": {"uv": [9, 13, 8, 14], "texture": "#2"}
			}
		},
		{
			"from": [8.98306, 8.54, 10.4],
			"to": [9.23306, 9.54, 10.55],
			"rotation": {"angle": -22.5, "axis": "z", "origin": [8.90806, 9.03128, 10.275]},
			"faces": {
				"north": {"uv": [13, 8, 14, 9], "texture": "#2"},
				"east": {"uv": [9, 13, 10, 14], "texture": "#2"},
				"south": {"uv": [13, 9, 14, 10], "texture": "#2"},
				"west": {"uv": [10, 13, 11, 14], "texture": "#2"},
				"up": {"uv": [14, 11, 13, 10], "texture": "#2"},
				"down": {"uv": [12, 13, 11, 14], "texture": "#2"}
			}
		},
		{
			"from": [8.78306, 7.45, 10.4],
			"to": [9.03306, 8.55, 10.55],
			"rotation": {"angle": 0, "axis": "y", "origin": [8.90806, 9.03128, 10.275]},
			"faces": {
				"north": {"uv": [13, 11, 14, 12], "texture": "#2"},
				"east": {"uv": [12, 13, 13, 14], "texture": "#2"},
				"south": {"uv": [13, 12, 14, 13], "texture": "#2"},
				"west": {"uv": [13, 13, 14, 14], "texture": "#2"},
				"up": {"uv": [1, 15, 0, 14], "texture": "#2"},
				"down": {"uv": [15, 0, 14, 1], "texture": "#2"}
			}
		},
		{
			"from": [8.98306, 6.46, 10.4],
			"to": [9.23306, 7.46, 10.55],
			"rotation": {"angle": 22.5, "axis": "z", "origin": [8.90806, 6.96872, 10.275]},
			"faces": {
				"north": {"uv": [1, 14, 2, 15], "texture": "#2"},
				"east": {"uv": [14, 1, 15, 2], "texture": "#2"},
				"south": {"uv": [2, 14, 3, 15], "texture": "#2"},
				"west": {"uv": [14, 2, 15, 3], "texture": "#2"},
				"up": {"uv": [4, 15, 3, 14], "texture": "#2"},
				"down": {"uv": [15, 3, 14, 4], "texture": "#2"}
			}
		},
		{
			"from": [9.35, 5.6, 10.4],
			"to": [9.6, 6.6, 10.55],
			"rotation": {"angle": 45, "axis": "z", "origin": [9.35, 6.35, 10.275]},
			"faces": {
				"north": {"uv": [4, 14, 5, 15], "texture": "#2"},
				"east": {"uv": [14, 4, 15, 5], "texture": "#2"},
				"south": {"uv": [5, 14, 6, 15], "texture": "#2"},
				"west": {"uv": [14, 5, 15, 6], "texture": "#2"},
				"up": {"uv": [7, 15, 6, 14], "texture": "#2"},
				"down": {"uv": [15, 6, 14, 7], "texture": "#2"}
			}
		},
		{
			"from": [6.4, 5.6, 10.4],
			"to": [6.65, 6.6, 10.55],
			"rotation": {"angle": -45, "axis": "z", "origin": [6.65, 6.35, 10.275]},
			"faces": {
				"north": {"uv": [7, 14, 8, 15], "texture": "#2"},
				"east": {"uv": [14, 7, 15, 8], "texture": "#2"},
				"south": {"uv": [8, 14, 9, 15], "texture": "#2"},
				"west": {"uv": [14, 8, 15, 9], "texture": "#2"},
				"up": {"uv": [10, 15, 9, 14], "texture": "#2"},
				"down": {"uv": [15, 9, 14, 10], "texture": "#2"}
			}
		},
		{
			"from": [6.76694, 6.46, 10.4],
			"to": [7.01694, 7.46, 10.55],
			"rotation": {"angle": -22.5, "axis": "z", "origin": [7.09194, 6.96872, 10.275]},
			"faces": {
				"north": {"uv": [10, 14, 11, 15], "texture": "#2"},
				"east": {"uv": [14, 10, 15, 11], "texture": "#2"},
				"south": {"uv": [11, 14, 12, 15], "texture": "#2"},
				"west": {"uv": [14, 11, 15, 12], "texture": "#2"},
				"up": {"uv": [13, 15, 12, 14], "texture": "#2"},
				"down": {"uv": [15, 12, 14, 13], "texture": "#2"}
			}
		},
		{
			"from": [6.96694, 7.45, 10.4],
			"to": [7.21694, 8.55, 10.55],
			"rotation": {"angle": 0, "axis": "y", "origin": [7.09194, 9.03128, 10.275]},
			"faces": {
				"north": {"uv": [13, 14, 14, 15], "texture": "#2"},
				"east": {"uv": [14, 13, 15, 14], "texture": "#2"},
				"south": {"uv": [14, 14, 15, 15], "texture": "#2"},
				"west": {"uv": [0, 15, 1, 16], "texture": "#2"},
				"up": {"uv": [16, 1, 15, 0], "texture": "#2"},
				"down": {"uv": [2, 15, 1, 16], "texture": "#2"}
			}
		},
		{
			"from": [6.76694, 8.54, 10.4],
			"to": [7.01694, 9.54, 10.55],
			"rotation": {"angle": 22.5, "axis": "z", "origin": [7.09194, 9.03128, 10.275]},
			"faces": {
				"north": {"uv": [15, 1, 16, 2], "texture": "#2"},
				"east": {"uv": [2, 15, 3, 16], "texture": "#2"},
				"south": {"uv": [15, 2, 16, 3], "texture": "#2"},
				"west": {"uv": [3, 15, 4, 16], "texture": "#2"},
				"up": {"uv": [16, 4, 15, 3], "texture": "#2"},
				"down": {"uv": [5, 15, 4, 16], "texture": "#2"}
			}
		},
		{
			"from": [6.4, 9.4, 10.4],
			"to": [6.65, 10.4, 10.55],
			"rotation": {"angle": 45, "axis": "z", "origin": [6.65, 9.65, 10.275]},
			"faces": {
				"north": {"uv": [15, 4, 16, 5], "texture": "#2"},
				"east": {"uv": [5, 15, 6, 16], "texture": "#2"},
				"south": {"uv": [15, 5, 16, 6], "texture": "#2"},
				"west": {"uv": [6, 15, 7, 16], "texture": "#2"},
				"up": {"uv": [16, 7, 15, 6], "texture": "#2"},
				"down": {"uv": [8, 15, 7, 16], "texture": "#2"}
			}
		},
		{
			"from": [6.5, 10.5, 6.5],
			"to": [9.5, 12.5, 9.5],
			"rotation": {"angle": 0, "axis": "y", "origin": [-6.5, 5.5, -3.5]},
			"faces": {
				"north": {"uv": [8, 12, 11, 14], "texture": "#1"},
				"east": {"uv": [8, 12, 11, 14], "texture": "#1"},
				"south": {"uv": [8, 12, 11, 14], "texture": "#1"},
				"west": {"uv": [8, 12, 11, 14], "texture": "#1"},
				"up": {"uv": [15, 16, 12, 13], "texture": "#1"},
				"down": {"uv": [15, 13, 12, 16], "texture": "#1"}
			}
		},
		{
			"from": [5.5, 5.5, 5.5],
			"to": [10.5, 10.5, 10.5],
			"rotation": {"angle": 0, "axis": "y", "origin": [-6.5, 5.5, -3.5]},
			"faces": {
				"north": {"uv": [5, 5, 10, 10], "texture": "#1"},
				"east": {"uv": [5, 5, 10, 10], "texture": "#1"},
				"south": {"uv": [5, 5, 10, 10], "texture": "#1"},
				"west": {"uv": [5, 5, 10, 10], "texture": "#1"},
				"up": {"uv": [10, 10, 5, 5], "texture": "#1"},
				"down": {"uv": [10, 5, 5, 10], "texture": "#1"}
			}
		},
		{
			"from": [10, 5.25, 5.25],
			"to": [11, 11.25, 6],
			"rotation": {"angle": -45, "axis": "y", "origin": [10.5, 8.125, 5.5]},
			"faces": {
				"north": {"uv": [1.5, 7, 2, 10], "texture": "#3"},
				"east": {"uv": [1, 7, 1.5, 10], "texture": "#3"},
				"south": {"uv": [1, 7, 1.5, 10], "texture": "#3"},
				"west": {"uv": [1, 7, 1.5, 10], "texture": "#3"},
				"up": {"uv": [8, 11.5, 7.5, 11], "texture": "#3"},
				"down": {"uv": [0.5, 11.5, 0, 12], "texture": "#3"}
			}
		},
		{
			"from": [5.75, 5, 5],
			"to": [10.25, 6, 6],
			"rotation": {"angle": 22.5, "axis": "x", "origin": [8, 5.5, 5.5]},
			"faces": {
				"north": {"uv": [7.5, 1, 10, 1.5], "texture": "#3"},
				"east": {"uv": [11.5, 0, 12, 0.5], "texture": "#3"},
				"south": {"uv": [7.5, 1.5, 10, 2], "texture": "#3"},
				"west": {"uv": [0.5, 11.5, 1, 12], "texture": "#3"},
				"up": {"uv": [10, 2.5, 7.5, 2], "texture": "#3"},
				"down": {"uv": [10, 2.5, 7.5, 3], "texture": "#3"}
			}
		},
		{
			"from": [5.75, 4, 5.75],
			"to": [10.25, 6, 10.25],
			"faces": {
				"north": {"uv": [2.5, 4, 5, 5], "texture": "#3"},
				"east": {"uv": [4, 3, 6.5, 4], "texture": "#3"},
				"south": {"uv": [0, 5, 2.5, 6], "texture": "#3"},
				"west": {"uv": [2.5, 5, 5, 6], "texture": "#3"},
				"up": {"uv": [2.5, 2.5, 0, 0], "texture": "#3"},
				"down": {"uv": [2.5, 2.5, 0, 5], "texture": "#3"}
			}
		},
		{
			"from": [6.35, 2.95, 5.85],
			"to": [9, 5.05, 10.15],
			"rotation": {"angle": -45, "axis": "z", "origin": [8, 3.95, 8]},
			"faces": {
				"north": {"uv": [6, 1, 7.5, 2], "texture": "#3"},
				"east": {"uv": [5, 4, 7, 5], "texture": "#3"},
				"south": {"uv": [6, 2, 7.5, 3], "texture": "#3"},
				"west": {"uv": [5, 5, 7, 6], "texture": "#3"},
				"up": {"uv": [4, 2, 2.5, 0], "texture": "#3"},
				"down": {"uv": [4, 2, 2.5, 4], "texture": "#3"}
			}
		},
		{
			"from": [5.85, 2.95, 7],
			"to": [10.15, 5.15, 9.55],
			"rotation": {"angle": -45, "axis": "x", "origin": [8, 3.95, 8]},
			"faces": {
				"north": {"uv": [0, 6, 2, 7], "texture": "#3"},
				"east": {"uv": [4, 6, 5.5, 7], "texture": "#3"},
				"south": {"uv": [6, 0, 8, 1], "texture": "#3"},
				"west": {"uv": [5.5, 6, 7, 7], "texture": "#3"},
				"up": {"uv": [6, 1.5, 4, 0], "texture": "#3"},
				"down": {"uv": [6, 1.5, 4, 3], "texture": "#3"}
			}
		},
		{
			"from": [5.75, 5, 10],
			"to": [10.25, 6, 11],
			"rotation": {"angle": -22.5, "axis": "x", "origin": [8, 5.5, 10.5]},
			"faces": {
				"north": {"uv": [7.5, 3, 10, 3.5], "texture": "#3"},
				"east": {"uv": [11.5, 0.5, 12, 1], "texture": "#3"},
				"south": {"uv": [7.5, 3.5, 10, 4], "texture": "#3"},
				"west": {"uv": [1, 11.5, 1.5, 12], "texture": "#3"},
				"up": {"uv": [10, 4.5, 7.5, 4], "texture": "#3"},
				"down": {"uv": [10, 4.5, 7.5, 5], "texture": "#3"}
			}
		},
		{
			"from": [5.25, 5.25, 5],
			"to": [6, 11.25, 6],
			"rotation": {"angle": -45, "axis": "y", "origin": [5.5, 8.125, 5.5]},
			"faces": {
				"north": {"uv": [1, 7, 1.5, 10], "texture": "#3"},
				"east": {"uv": [1, 7, 1.5, 10], "texture": "#3"},
				"south": {"uv": [1, 7, 1.5, 10], "texture": "#3"},
				"west": {"uv": [1.5, 7, 2, 10], "texture": "#3"},
				"up": {"uv": [2, 12, 1.5, 11.5], "texture": "#3"},
				"down": {"uv": [2.5, 11.5, 2, 12], "texture": "#3"}
			}
		},
		{
			"from": [5, 5, 5.75],
			"to": [6, 6, 10.25],
			"rotation": {"angle": -22.5, "axis": "z", "origin": [5.5, 5.5, 8]},
			"faces": {
				"north": {"uv": [2.5, 11.5, 3, 12], "texture": "#3"},
				"east": {"uv": [7.5, 5, 10, 5.5], "texture": "#3"},
				"south": {"uv": [3, 11.5, 3.5, 12], "texture": "#3"},
				"west": {"uv": [7.5, 5.5, 10, 6], "texture": "#3"},
				"up": {"uv": [8, 8.5, 7.5, 6], "texture": "#3"},
				"down": {"uv": [8.5, 6, 8, 8.5], "texture": "#3"}
			}
		},
		{
			"from": [10, 5, 5.75],
			"to": [11, 6, 10.25],
			"rotation": {"angle": 22.5, "axis": "z", "origin": [10.5, 5.5, 8]},
			"faces": {
				"north": {"uv": [3.5, 11.5, 4, 12], "texture": "#3"},
				"east": {"uv": [8, 0, 10.5, 0.5], "texture": "#3"},
				"south": {"uv": [4, 11.5, 4.5, 12], "texture": "#3"},
				"west": {"uv": [8, 0.5, 10.5, 1], "texture": "#3"},
				"up": {"uv": [9, 8.5, 8.5, 6], "texture": "#3"},
				"down": {"uv": [8, 8.5, 7.5, 11], "texture": "#3"}
			}
		},
		{
			"from": [10, 10, 5.75],
			"to": [11, 11, 10.25],
			"rotation": {"angle": -22.5, "axis": "z", "origin": [10.5, 10.5, 8]},
			"faces": {
				"north": {"uv": [4.5, 11.5, 5, 12], "texture": "#3"},
				"east": {"uv": [8, 8.5, 10.5, 9], "texture": "#3"},
				"south": {"uv": [5, 11.5, 5.5, 12], "texture": "#3"},
				"west": {"uv": [9, 6, 11.5, 6.5], "texture": "#3"},
				"up": {"uv": [2.5, 11.5, 2, 9], "texture": "#3"},
				"down": {"uv": [3, 9, 2.5, 11.5], "texture": "#3"}
			}
		},
		{
			"from": [5.75, 10, 10],
			"to": [10.25, 11, 11],
			"rotation": {"angle": 22.5, "axis": "x", "origin": [8, 10.5, 10.5]},
			"faces": {
				"north": {"uv": [9, 6.5, 11.5, 7], "texture": "#3"},
				"east": {"uv": [5.5, 11.5, 6, 12], "texture": "#3"},
				"south": {"uv": [9, 7, 11.5, 7.5], "texture": "#3"},
				"west": {"uv": [6, 11.5, 6.5, 12], "texture": "#3"},
				"up": {"uv": [11.5, 8, 9, 7.5], "texture": "#3"},
				"down": {"uv": [10.5, 9, 8, 9.5], "texture": "#3"}
			}
		},
		{
			"from": [5, 10, 5.75],
			"to": [6, 11, 10.25],
			"rotation": {"angle": 22.5, "axis": "z", "origin": [5.5, 10.5, 8]},
			"faces": {
				"north": {"uv": [11.5, 6, 12, 6.5], "texture": "#3"},
				"east": {"uv": [9, 8, 11.5, 8.5], "texture": "#3"},
				"south": {"uv": [6.5, 11.5, 7, 12], "texture": "#3"},
				"west": {"uv": [8, 9.5, 10.5, 10], "texture": "#3"},
				"up": {"uv": [3.5, 11.5, 3, 9], "texture": "#3"},
				"down": {"uv": [4, 9, 3.5, 11.5], "texture": "#3"}
			}
		},
		{
			"from": [5.75, 10, 5],
			"to": [10.25, 11, 6],
			"rotation": {"angle": -22.5, "axis": "x", "origin": [8, 10.5, 5.5]},
			"faces": {
				"north": {"uv": [10, 1, 12.5, 1.5], "texture": "#3"},
				"east": {"uv": [11.5, 6.5, 12, 7], "texture": "#3"},
				"south": {"uv": [10, 1.5, 12.5, 2], "texture": "#3"},
				"west": {"uv": [7, 11.5, 7.5, 12], "texture": "#3"},
				"up": {"uv": [12.5, 2.5, 10, 2], "texture": "#3"},
				"down": {"uv": [12.5, 2.5, 10, 3], "texture": "#3"}
			}
		},
		{
			"from": [5, 5.25, 10],
			"to": [6, 11.25, 10.75],
			"rotation": {"angle": -45, "axis": "y", "origin": [5.5, 8.125, 10.5]},
			"faces": {
				"north": {"uv": [5, 7, 5.5, 10], "texture": "#3"},
				"east": {"uv": [5, 7, 5.5, 10], "texture": "#3"},
				"south": {"uv": [4.5, 7, 5, 10], "texture": "#3"},
				"west": {"uv": [5, 7, 5.5, 10], "texture": "#3"},
				"up": {"uv": [12, 7.5, 11.5, 7], "texture": "#3"},
				"down": {"uv": [8, 11.5, 7.5, 12], "texture": "#3"}
			}
		},
		{
			"from": [10, 5.25, 10],
			"to": [10.75, 11.25, 11],
			"rotation": {"angle": -45, "axis": "y", "origin": [10.5, 8.125, 10.5]},
			"faces": {
				"north": {"uv": [1, 7, 1.5, 10], "texture": "#3"},
				"east": {"uv": [1.5, 7, 2, 10], "texture": "#3"},
				"south": {"uv": [1, 7, 1.5, 10], "texture": "#3"},
				"west": {"uv": [1, 7, 1.5, 10], "texture": "#3"},
				"up": {"uv": [12, 8, 11.5, 7.5], "texture": "#3"},
				"down": {"uv": [8.5, 11.5, 8, 12], "texture": "#3"}
			}
		},
		{
			"from": [9, 10, 9],
			"to": [10, 13, 10],
			"rotation": {"angle": 0, "axis": "y", "origin": [0, 0, 16]},
			"faces": {
				"north": {"uv": [7, 9, 7.5, 10.5], "texture": "#3"},
				"east": {"uv": [10, 3, 10.5, 4.5], "texture": "#3"},
				"south": {"uv": [4, 10, 4.5, 11.5], "texture": "#3"},
				"west": {"uv": [4.5, 10, 5, 11.5], "texture": "#3"},
				"up": {"uv": [12, 8.5, 11.5, 8], "texture": "#3"},
				"down": {"uv": [9, 11.5, 8.5, 12], "texture": "#3"}
			}
		},
		{
			"from": [9, 12, 7],
			"to": [10, 13, 9],
			"rotation": {"angle": 0, "axis": "y", "origin": [0, 0, 16]},
			"faces": {
				"north": {"uv": [11.5, 8.5, 12, 9], "texture": "#3"},
				"east": {"uv": [10.5, 0, 11.5, 0.5], "texture": "#3"},
				"south": {"uv": [9, 11.5, 9.5, 12], "texture": "#3"},
				"west": {"uv": [10.5, 0.5, 11.5, 1], "texture": "#3"},
				"up": {"uv": [7, 4, 6.5, 3], "texture": "#3"},
				"down": {"uv": [7.5, 10.5, 7, 11.5], "texture": "#3"}
			}
		},
		{
			"from": [6, 12, 7],
			"to": [7, 13, 9],
			"rotation": {"angle": 0, "axis": "y", "origin": [0, 0, 16]},
			"faces": {
				"north": {"uv": [11.5, 9, 12, 9.5], "texture": "#3"},
				"east": {"uv": [10.5, 8.5, 11.5, 9], "texture": "#3"},
				"south": {"uv": [9.5, 11.5, 10, 12], "texture": "#3"},
				"west": {"uv": [10.5, 9, 11.5, 9.5], "texture": "#3"},
				"up": {"uv": [11, 10.5, 10.5, 9.5], "texture": "#3"},
				"down": {"uv": [11, 10.5, 10.5, 11.5], "texture": "#3"}
			}
		},
		{
			"from": [7, 12, 6],
			"to": [9, 13, 7],
			"rotation": {"angle": 0, "axis": "y", "origin": [0, 0, 16]},
			"faces": {
				"north": {"uv": [0, 11, 1, 11.5], "texture": "#3"},
				"east": {"uv": [10, 11.5, 10.5, 12], "texture": "#3"},
				"south": {"uv": [1, 11, 2, 11.5], "texture": "#3"},
				"west": {"uv": [10.5, 11.5, 11, 12], "texture": "#3"},
				"up": {"uv": [12, 3.5, 11, 3], "texture": "#3"},
				"down": {"uv": [12, 3.5, 11, 4], "texture": "#3"}
			}
		},
		{
			"from": [7, 12, 9],
			"to": [9, 13, 10],
			"rotation": {"angle": 0, "axis": "y", "origin": [0, 0, 16]},
			"faces": {
				"north": {"uv": [11, 4, 12, 4.5], "texture": "#3"},
				"east": {"uv": [11, 11.5, 11.5, 12], "texture": "#3"},
				"south": {"uv": [11, 4.5, 12, 5], "texture": "#3"},
				"west": {"uv": [11.5, 11.5, 12, 12], "texture": "#3"},
				"up": {"uv": [12, 5.5, 11, 5], "texture": "#3"},
				"down": {"uv": [12, 5.5, 11, 6], "texture": "#3"}
			}
		},
		{
			"from": [7, 12, 7],
			"to": [9, 12.75, 9],
			"rotation": {"angle": 0, "axis": "y", "origin": [0, 0, 16]},
			"faces": {
				"north": {"uv": [11, 9.5, 12, 10], "texture": "#3"},
				"east": {"uv": [11, 10, 12, 10.5], "texture": "#3"},
				"south": {"uv": [11, 10.5, 12, 11], "texture": "#3"},
				"west": {"uv": [11, 11, 12, 11.5], "texture": "#3"},
				"up": {"uv": [1, 11, 0, 10], "texture": "#3"},
				"down": {"uv": [2, 10, 1, 11], "texture": "#3"}
			}
		},
		{
			"from": [9, 10, 6],
			"to": [10, 13, 7],
			"rotation": {"angle": 0, "axis": "y", "origin": [0, 0, 16]},
			"faces": {
				"north": {"uv": [10, 4.5, 10.5, 6], "texture": "#3"},
				"east": {"uv": [5, 10, 5.5, 11.5], "texture": "#3"},
				"south": {"uv": [5.5, 10, 6, 11.5], "texture": "#3"},
				"west": {"uv": [6, 10, 6.5, 11.5], "texture": "#3"},
				"up": {"uv": [0.5, 12.5, 0, 12], "texture": "#3"},
				"down": {"uv": [12.5, 0, 12, 0.5], "texture": "#3"}
			}
		},
		{
			"from": [6, 10, 6],
			"to": [7, 13, 7],
			"rotation": {"angle": 0, "axis": "y", "origin": [0, 0, 16]},
			"faces": {
				"north": {"uv": [6.5, 10, 7, 11.5], "texture": "#3"},
				"east": {"uv": [8, 10, 8.5, 11.5], "texture": "#3"},
				"south": {"uv": [8.5, 10, 9, 11.5], "texture": "#3"},
				"west": {"uv": [9, 10, 9.5, 11.5], "texture": "#3"},
				"up": {"uv": [1, 12.5, 0.5, 12], "texture": "#3"},
				"down": {"uv": [12.5, 0.5, 12, 1], "texture": "#3"}
			}
		},
		{
			"from": [6, 12.65, 6.15],
			"to": [7, 13.35, 6.85],
			"rotation": {"angle": 45, "axis": "x", "origin": [6.5, 13, 6.5]},
			"faces": {
				"north": {"uv": [1, 12, 1.5, 12.5], "texture": "#3"},
				"east": {"uv": [1.5, 12, 2, 12.5], "texture": "#3"},
				"south": {"uv": [2, 12, 2.5, 12.5], "texture": "#3"},
				"west": {"uv": [2.5, 12, 3, 12.5], "texture": "#3"},
				"up": {"uv": [3.5, 12.5, 3, 12], "texture": "#3"},
				"down": {"uv": [12.5, 3, 12, 3.5], "texture": "#3"}
			}
		},
		{
			"from": [9, 12.65, 6.15],
			"to": [10, 13.35, 6.85],
			"rotation": {"angle": 45, "axis": "x", "origin": [9.5, 13, 6.5]},
			"faces": {
				"north": {"uv": [3.5, 12, 4, 12.5], "texture": "#3"},
				"east": {"uv": [12, 3.5, 12.5, 4], "texture": "#3"},
				"south": {"uv": [4, 12, 4.5, 12.5], "texture": "#3"},
				"west": {"uv": [12, 4, 12.5, 4.5], "texture": "#3"},
				"up": {"uv": [5, 12.5, 4.5, 12], "texture": "#3"},
				"down": {"uv": [12.5, 4.5, 12, 5], "texture": "#3"}
			}
		},
		{
			"from": [9, 12.65, 9.15],
			"to": [10, 13.35, 9.85],
			"rotation": {"angle": -45, "axis": "x", "origin": [9.5, 13, 9.5]},
			"faces": {
				"north": {"uv": [5, 12, 5.5, 12.5], "texture": "#3"},
				"east": {"uv": [12, 5, 12.5, 5.5], "texture": "#3"},
				"south": {"uv": [5.5, 12, 6, 12.5], "texture": "#3"},
				"west": {"uv": [12, 5.5, 12.5, 6], "texture": "#3"},
				"up": {"uv": [6.5, 12.5, 6, 12], "texture": "#3"},
				"down": {"uv": [12.5, 6, 12, 6.5], "texture": "#3"}
			}
		},
		{
			"from": [6, 12.65, 9.15],
			"to": [7, 13.35, 9.85],
			"rotation": {"angle": -45, "axis": "x", "origin": [6.5, 13, 9.5]},
			"faces": {
				"north": {"uv": [6.5, 12, 7, 12.5], "texture": "#3"},
				"east": {"uv": [12, 6.5, 12.5, 7], "texture": "#3"},
				"south": {"uv": [7, 12, 7.5, 12.5], "texture": "#3"},
				"west": {"uv": [12, 7, 12.5, 7.5], "texture": "#3"},
				"up": {"uv": [8, 12.5, 7.5, 12], "texture": "#3"},
				"down": {"uv": [12.5, 7.5, 12, 8], "texture": "#3"}
			}
		},
		{
			"from": [6, 10, 9],
			"to": [7, 13, 10],
			"rotation": {"angle": 0, "axis": "y", "origin": [0, 0, 16]},
			"faces": {
				"north": {"uv": [9.5, 10, 10, 11.5], "texture": "#3"},
				"east": {"uv": [10, 10, 10.5, 11.5], "texture": "#3"},
				"south": {"uv": [10.5, 3, 11, 4.5], "texture": "#3"},
				"west": {"uv": [10.5, 4.5, 11, 6], "texture": "#3"},
				"up": {"uv": [8.5, 12.5, 8, 12], "texture": "#3"},
				"down": {"uv": [12.5, 8, 12, 8.5], "texture": "#3"}
			}
		},
		{
			"from": [7.5, 12.5, 7.5],
			"to": [8.5, 15.5, 8.5],
			"rotation": {"angle": 0, "axis": "y", "origin": [7.5, 7.5, 7.5]},
			"faces": {
				"north": {"uv": [4, 0, 5, 3], "texture": "#4"},
				"east": {"uv": [4, 3, 5, 6], "texture": "#4"},
				"south": {"uv": [5, 0, 6, 3], "texture": "#4"},
				"west": {"uv": [5, 3, 6, 6], "texture": "#4"},
				"up": {"uv": [1, 7, 0, 6], "texture": "#4"},
				"down": {"uv": [7, 0, 6, 1], "texture": "#4"}
			}
		},
		{
			"from": [7.5, 7.5, 5.9],
			"to": [8.5, 8.5, 6.9],
			"rotation": {"angle": -22.5, "axis": "y", "origin": [3.5, 7.5, 7.5]},
			"faces": {
				"north": {"uv": [1, 6, 2, 7], "texture": "#6"},
				"east": {"uv": [2, 6, 3, 7], "texture": "#6"},
				"south": {"uv": [6, 2, 7, 3], "texture": "#6"},
				"west": {"uv": [3, 6, 4, 7], "texture": "#6"},
				"up": {"uv": [7, 4, 6, 3], "texture": "#6"},
				"down": {"uv": [5, 6, 4, 7], "texture": "#6"}
			}
		},
		{
			"from": [7.65495, 8.3, 7.52103],
			"to": [8.40495, 9.8, 8.52103],
			"rotation": {"angle": 0, "axis": "y", "origin": [8.15495, 8.8, 8.02103]},
			"faces": {
				"north": {"uv": [4, 0, 5, 2], "texture": "#6"},
				"east": {"uv": [4, 2, 5, 4], "texture": "#6"},
				"south": {"uv": [4, 4, 5, 6], "texture": "#6"},
				"west": {"uv": [5, 0, 6, 2], "texture": "#6"},
				"up": {"uv": [7, 5, 6, 4], "texture": "#6"},
				"down": {"uv": [6, 6, 5, 7], "texture": "#6"}
			}
		},
		{
			"from": [7.65495, 8.8, 7.82103],
			"to": [8.40495, 9.8, 8.62103],
			"rotation": {"angle": -22.5, "axis": "x", "origin": [8.15495, 8.8, 8.02103]},
			"faces": {
				"north": {"uv": [6, 5, 7, 6], "texture": "#6"},
				"east": {"uv": [6, 6, 7, 7], "texture": "#6"},
				"south": {"uv": [7, 0, 8, 1], "texture": "#6"},
				"west": {"uv": [1, 7, 2, 8], "texture": "#6"},
				"up": {"uv": [8, 2, 7, 1], "texture": "#6"},
				"down": {"uv": [3, 7, 2, 8], "texture": "#6"}
			}
		},
		{
			"from": [7.5, 6.5, 8],
			"to": [8.5, 9.25, 8.5],
			"rotation": {"angle": 22.5, "axis": "x", "origin": [8, 8, 8]},
			"faces": {
				"north": {"uv": [0, 0, 1, 3], "texture": "#6"},
				"east": {"uv": [1, 0, 2, 3], "texture": "#6"},
				"south": {"uv": [2, 0, 3, 3], "texture": "#6"},
				"west": {"uv": [0, 3, 1, 6], "texture": "#6"},
				"up": {"uv": [8, 3, 7, 2], "texture": "#6"},
				"down": {"uv": [4, 7, 3, 8], "texture": "#6"}
			}
		},
		{
			"from": [7.5, 6.8, 8],
			"to": [8.5, 7.55, 8.5],
			"rotation": {"angle": 0, "axis": "y", "origin": [8, 8, 8]},
			"faces": {
				"north": {"uv": [7, 3, 8, 4], "texture": "#6"},
				"east": {"uv": [4, 7, 5, 8], "texture": "#6"},
				"south": {"uv": [7, 4, 8, 5], "texture": "#6"},
				"west": {"uv": [5, 7, 6, 8], "texture": "#6"},
				"up": {"uv": [8, 6, 7, 5], "texture": "#6"},
				"down": {"uv": [7, 7, 6, 8], "texture": "#6"}
			}
		},
		{
			"from": [7.5, 7.6, 7.4],
			"to": [8.6, 9.05, 7.9],
			"rotation": {"angle": -45, "axis": "x", "origin": [8, 8, 8]},
			"faces": {
				"north": {"uv": [7, 6, 8, 7], "texture": "#6"},
				"east": {"uv": [7, 7, 8, 8], "texture": "#6"},
				"south": {"uv": [0, 8, 1, 9], "texture": "#6"},
				"west": {"uv": [8, 0, 9, 1], "texture": "#6"},
				"up": {"uv": [2, 9, 1, 8], "texture": "#6"},
				"down": {"uv": [9, 1, 8, 2], "texture": "#6"}
			}
		},
		{
			"from": [7.5, 8.1, 7],
			"to": [8.6, 9.55, 7.5],
			"rotation": {"angle": 21.8069, "axis": "x", "origin": [8, 8, 8]},
			"rotated": [21.8069, -8.17033, 2.83314],
			"faces": {
				"north": {"uv": [2, 8, 3, 9], "texture": "#6"},
				"east": {"uv": [8, 2, 9, 3], "texture": "#6"},
				"south": {"uv": [3, 8, 4, 9], "texture": "#6"},
				"west": {"uv": [8, 3, 9, 4], "texture": "#6"},
				"up": {"uv": [5, 9, 4, 8], "texture": "#6"},
				"down": {"uv": [9, 4, 8, 5], "texture": "#6"}
			}
		},
		{
			"from": [7.6, 7.3, 7.4],
			"to": [8.25, 8.75, 7.9],
			"rotation": {"angle": -22.5, "axis": "x", "origin": [8, 8, 8]},
			"faces": {
				"north": {"uv": [5, 8, 6, 9], "texture": "#6"},
				"east": {"uv": [8, 5, 9, 6], "texture": "#6"},
				"south": {"uv": [6, 8, 7, 9], "texture": "#6"},
				"west": {"uv": [8, 6, 9, 7], "texture": "#6"},
				"up": {"uv": [8, 9, 7, 8], "texture": "#6"},
				"down": {"uv": [9, 7, 8, 8], "texture": "#6"}
			}
		},
		{
			"from": [7.5, 7.3, 8.1],
			"to": [8.5, 10.05, 8.6],
			"rotation": {"angle": 0, "axis": "y", "origin": [8, 8, 8]},
			"faces": {
				"north": {"uv": [3, 0, 4, 3], "texture": "#6"},
				"east": {"uv": [1, 3, 2, 6], "texture": "#6"},
				"south": {"uv": [2, 3, 3, 6], "texture": "#6"},
				"west": {"uv": [3, 3, 4, 6], "texture": "#6"},
				"up": {"uv": [9, 9, 8, 8], "texture": "#6"},
				"down": {"uv": [1, 9, 0, 10], "texture": "#6"}
			}
		},
		{
			"from": [7.5, 7.55, 8.1],
			"to": [8.5, 9.3, 8.6],
			"rotation": {"angle": 22.5, "axis": "z", "origin": [8, 8, 8]},
			"faces": {
				"north": {"uv": [5, 2, 6, 4], "texture": "#6"},
				"east": {"uv": [5, 4, 6, 6], "texture": "#6"},
				"south": {"uv": [0, 6, 1, 8], "texture": "#6"},
				"west": {"uv": [6, 0, 7, 2], "texture": "#6"},
				"up": {"uv": [10, 1, 9, 0], "texture": "#6"},
				"down": {"uv": [2, 9, 1, 10], "texture": "#6"}
			}
		},
		{
			"from": [9.11832, 7.16659, 7.49337],
			"to": [10.11832, 8.16659, 8.49337],
			"rotation": {"angle": -22.5, "axis": "y", "origin": [8.51832, 7.16659, 3.49337]},
			"faces": {
				"north": {"uv": [3, 6, 4, 7], "texture": "#6"},
				"east": {"uv": [1, 6, 2, 7], "texture": "#6"},
				"south": {"uv": [2, 6, 3, 7], "texture": "#6"},
				"west": {"uv": [6, 2, 7, 3], "texture": "#6"},
				"up": {"uv": [7, 4, 6, 3], "rotation": 90, "texture": "#6"},
				"down": {"uv": [5, 6, 4, 7], "rotation": 270, "texture": "#6"}
			}
		},
		{
			"from": [7.49729, 7.96659, 7.64831],
			"to": [8.49729, 9.46659, 8.39831],
			"rotation": {"angle": 0, "axis": "y", "origin": [7.99729, 8.46659, 8.14831]},
			"faces": {
				"north": {"uv": [5, 0, 6, 2], "texture": "#6"},
				"east": {"uv": [4, 0, 5, 2], "texture": "#6"},
				"south": {"uv": [4, 2, 5, 4], "texture": "#6"},
				"west": {"uv": [4, 4, 5, 6], "texture": "#6"},
				"up": {"uv": [7, 5, 6, 4], "rotation": 90, "texture": "#6"},
				"down": {"uv": [6, 6, 5, 7], "rotation": 270, "texture": "#6"}
			}
		},
		{
			"from": [7.39729, 8.46659, 7.64831],
			"to": [8.19729, 9.46659, 8.39831],
			"rotation": {"angle": -22.5, "axis": "z", "origin": [7.99729, 8.46659, 8.14831]},
			"faces": {
				"north": {"uv": [1, 7, 2, 8], "texture": "#6"},
				"east": {"uv": [6, 5, 7, 6], "texture": "#6"},
				"south": {"uv": [6, 6, 7, 7], "texture": "#6"},
				"west": {"uv": [7, 0, 8, 1], "texture": "#6"},
				"up": {"uv": [8, 2, 7, 1], "rotation": 90, "texture": "#6"},
				"down": {"uv": [3, 7, 2, 8], "rotation": 270, "texture": "#6"}
			}
		},
		{
			"from": [7.51832, 6.16659, 7.49337],
			"to": [8.01832, 8.91659, 8.49337],
			"rotation": {"angle": 22.5, "axis": "z", "origin": [8.01832, 7.66659, 7.99337]},
			"faces": {
				"north": {"uv": [0, 3, 1, 6], "texture": "#6"},
				"east": {"uv": [0, 0, 1, 3], "texture": "#6"},
				"south": {"uv": [1, 0, 2, 3], "texture": "#6"},
				"west": {"uv": [2, 0, 3, 3], "texture": "#6"},
				"up": {"uv": [8, 3, 7, 2], "rotation": 90, "texture": "#6"},
				"down": {"uv": [4, 7, 3, 8], "rotation": 270, "texture": "#6"}
			}
		},
		{
			"from": [7.51832, 6.46659, 7.49337],
			"to": [8.01832, 7.21659, 8.49337],
			"rotation": {"angle": 0, "axis": "y", "origin": [8.01832, 7.66659, 7.99337]},
			"faces": {
				"north": {"uv": [5, 7, 6, 8], "texture": "#6"},
				"east": {"uv": [7, 3, 8, 4], "texture": "#6"},
				"south": {"uv": [4, 7, 5, 8], "texture": "#6"},
				"west": {"uv": [7, 4, 8, 5], "texture": "#6"},
				"up": {"uv": [8, 6, 7, 5], "rotation": 90, "texture": "#6"},
				"down": {"uv": [7, 7, 6, 8], "rotation": 270, "texture": "#6"}
			}
		},
		{
			"from": [8.11832, 7.26659, 7.49337],
			"to": [8.61832, 8.71659, 8.59337],
			"rotation": {"angle": -45, "axis": "z", "origin": [8.01832, 7.66659, 7.99337]},
			"faces": {
				"north": {"uv": [8, 0, 9, 1], "texture": "#6"},
				"east": {"uv": [7, 6, 8, 7], "texture": "#6"},
				"south": {"uv": [7, 7, 8, 8], "texture": "#6"},
				"west": {"uv": [0, 8, 1, 9], "texture": "#6"},
				"up": {"uv": [2, 9, 1, 8], "rotation": 90, "texture": "#6"},
				"down": {"uv": [9, 1, 8, 2], "rotation": 270, "texture": "#6"}
			}
		},
		{
			"from": [8.51832, 7.76659, 7.49337],
			"to": [9.01832, 9.21659, 8.59337],
			"rotation": {"angle": -2.83314, "axis": "x", "origin": [8.01832, 7.66659, 7.99337]},
			"rotated": [-2.83314, -8.17033, 21.8069],
			"faces": {
				"north": {"uv": [8, 3, 9, 4], "texture": "#6"},
				"east": {"uv": [2, 8, 3, 9], "texture": "#6"},
				"south": {"uv": [8, 2, 9, 3], "texture": "#6"},
				"west": {"uv": [3, 8, 4, 9], "texture": "#6"},
				"up": {"uv": [5, 9, 4, 8], "rotation": 90, "texture": "#6"},
				"down": {"uv": [9, 4, 8, 5], "rotation": 270, "texture": "#6"}
			}
		},
		{
			"from": [8.11832, 6.96659, 7.59337],
			"to": [8.61832, 8.41659, 8.24337],
			"rotation": {"angle": -22.5, "axis": "z", "origin": [8.01832, 7.66659, 7.99337]},
			"faces": {
				"north": {"uv": [8, 6, 9, 7], "texture": "#6"},
				"east": {"uv": [5, 8, 6, 9], "texture": "#6"},
				"south": {"uv": [8, 5, 9, 6], "texture": "#6"},
				"west": {"uv": [6, 8, 7, 9], "texture": "#6"},
				"up": {"uv": [8, 9, 7, 8], "rotation": 90, "texture": "#6"},
				"down": {"uv": [9, 7, 8, 8], "rotation": 270, "texture": "#6"}
			}
		},
		{
			"from": [7.41832, 6.96659, 7.49337],
			"to": [7.91832, 9.71659, 8.49337],
			"rotation": {"angle": 0, "axis": "y", "origin": [8.01832, 7.66659, 7.99337]},
			"faces": {
				"north": {"uv": [3, 3, 4, 6], "texture": "#6"},
				"east": {"uv": [3, 0, 4, 3], "texture": "#6"},
				"south": {"uv": [1, 3, 2, 6], "texture": "#6"},
				"west": {"uv": [2, 3, 3, 6], "texture": "#6"},
				"up": {"uv": [9, 9, 8, 8], "rotation": 90, "texture": "#6"},
				"down": {"uv": [1, 9, 0, 10], "rotation": 270, "texture": "#6"}
			}
		},
		{
			"from": [7.41832, 7.21659, 7.49337],
			"to": [7.91832, 8.96659, 8.49337],
			"rotation": {"angle": -22.5, "axis": "x", "origin": [8.01832, 7.66659, 7.99337]},
			"faces": {
				"north": {"uv": [6, 0, 7, 2], "texture": "#6"},
				"east": {"uv": [5, 2, 6, 4], "texture": "#6"},
				"south": {"uv": [5, 4, 6, 6], "texture": "#6"},
				"west": {"uv": [0, 6, 1, 8], "texture": "#6"},
				"up": {"uv": [10, 1, 9, 0], "rotation": 90, "texture": "#6"},
				"down": {"uv": [2, 9, 1, 10], "rotation": 270, "texture": "#6"}
			}
		},
		{
			"from": [7.50038, 7.16601, 9.11854],
			"to": [8.50038, 8.16601, 10.11854],
			"rotation": {"angle": -22.5, "axis": "y", "origin": [12.50038, 7.16601, 8.51854]},
			"faces": {
				"north": {"uv": [6, 2, 7, 3], "texture": "#6"},
				"east": {"uv": [3, 6, 4, 7], "texture": "#6"},
				"south": {"uv": [1, 6, 2, 7], "texture": "#6"},
				"west": {"uv": [2, 6, 3, 7], "texture": "#6"},
				"up": {"uv": [7, 4, 6, 3], "rotation": 180, "texture": "#6"},
				"down": {"uv": [5, 6, 4, 7], "rotation": 180, "texture": "#6"}
			}
		},
		{
			"from": [7.59543, 7.96601, 7.49751],
			"to": [8.34543, 9.46601, 8.49751],
			"rotation": {"angle": 0, "axis": "y", "origin": [7.84543, 8.46601, 7.99751]},
			"faces": {
				"north": {"uv": [4, 4, 5, 6], "texture": "#6"},
				"east": {"uv": [5, 0, 6, 2], "texture": "#6"},
				"south": {"uv": [4, 0, 5, 2], "texture": "#6"},
				"west": {"uv": [4, 2, 5, 4], "texture": "#6"},
				"up": {"uv": [7, 5, 6, 4], "rotation": 180, "texture": "#6"},
				"down": {"uv": [6, 6, 5, 7], "rotation": 180, "texture": "#6"}
			}
		},
		{
			"from": [7.59543, 8.46601, 7.39751],
			"to": [8.34543, 9.46601, 8.19751],
			"rotation": {"angle": 22.5, "axis": "x", "origin": [7.84543, 8.46601, 7.99751]},
			"faces": {
				"north": {"uv": [7, 0, 8, 1], "texture": "#6"},
				"east": {"uv": [1, 7, 2, 8], "texture": "#6"},
				"south": {"uv": [6, 5, 7, 6], "texture": "#6"},
				"west": {"uv": [6, 6, 7, 7], "texture": "#6"},
				"up": {"uv": [8, 2, 7, 1], "rotation": 180, "texture": "#6"},
				"down": {"uv": [3, 7, 2, 8], "rotation": 180, "texture": "#6"}
			}
		},
		{
			"from": [7.50038, 6.16601, 7.51854],
			"to": [8.50038, 8.91601, 8.01854],
			"rotation": {"angle": -22.5, "axis": "x", "origin": [8.00038, 7.66601, 8.01854]},
			"faces": {
				"north": {"uv": [2, 0, 3, 3], "texture": "#6"},
				"east": {"uv": [0, 3, 1, 6], "texture": "#6"},
				"south": {"uv": [0, 0, 1, 3], "texture": "#6"},
				"west": {"uv": [1, 0, 2, 3], "texture": "#6"},
				"up": {"uv": [8, 3, 7, 2], "rotation": 180, "texture": "#6"},
				"down": {"uv": [4, 7, 3, 8], "rotation": 180, "texture": "#6"}
			}
		},
		{
			"from": [7.50038, 6.46601, 7.51854],
			"to": [8.50038, 7.21601, 8.01854],
			"rotation": {"angle": 0, "axis": "y", "origin": [8.00038, 7.66601, 8.01854]},
			"faces": {
				"north": {"uv": [7, 4, 8, 5], "texture": "#6"},
				"east": {"uv": [5, 7, 6, 8], "texture": "#6"},
				"south": {"uv": [7, 3, 8, 4], "texture": "#6"},
				"west": {"uv": [4, 7, 5, 8], "texture": "#6"},
				"up": {"uv": [8, 6, 7, 5], "rotation": 180, "texture": "#6"},
				"down": {"uv": [7, 7, 6, 8], "rotation": 180, "texture": "#6"}
			}
		},
		{
			"from": [7.40038, 7.26601, 8.11854],
			"to": [8.50038, 8.71601, 8.61854],
			"rotation": {"angle": 45, "axis": "x", "origin": [8.00038, 7.66601, 8.01854]},
			"faces": {
				"north": {"uv": [0, 8, 1, 9], "texture": "#6"},
				"east": {"uv": [8, 0, 9, 1], "texture": "#6"},
				"south": {"uv": [7, 6, 8, 7], "texture": "#6"},
				"west": {"uv": [7, 7, 8, 8], "texture": "#6"},
				"up": {"uv": [2, 9, 1, 8], "rotation": 180, "texture": "#6"},
				"down": {"uv": [9, 1, 8, 2], "rotation": 180, "texture": "#6"}
			}
		},
		{
			"from": [7.40038, 7.76601, 8.51854],
			"to": [8.50038, 9.21601, 9.01854],
			"rotation": {"angle": -21.8069, "axis": "x", "origin": [8.00038, 7.66601, 8.01854]},
			"rotated": [-21.8069, -8.17033, -2.83314],
			"faces": {
				"north": {"uv": [3, 8, 4, 9], "texture": "#6"},
				"east": {"uv": [8, 3, 9, 4], "texture": "#6"},
				"south": {"uv": [2, 8, 3, 9], "texture": "#6"},
				"west": {"uv": [8, 2, 9, 3], "texture": "#6"},
				"up": {"uv": [5, 9, 4, 8], "rotation": 180, "texture": "#6"},
				"down": {"uv": [9, 4, 8, 5], "rotation": 180, "texture": "#6"}
			}
		},
		{
			"from": [7.75038, 6.96601, 8.11854],
			"to": [8.40038, 8.41601, 8.61854],
			"rotation": {"angle": 22.5, "axis": "x", "origin": [8.00038, 7.66601, 8.01854]},
			"faces": {
				"north": {"uv": [6, 8, 7, 9], "texture": "#6"},
				"east": {"uv": [8, 6, 9, 7], "texture": "#6"},
				"south": {"uv": [5, 8, 6, 9], "texture": "#6"},
				"west": {"uv": [8, 5, 9, 6], "texture": "#6"},
				"up": {"uv": [8, 9, 7, 8], "rotation": 180, "texture": "#6"},
				"down": {"uv": [9, 7, 8, 8], "rotation": 180, "texture": "#6"}
			}
		},
		{
			"from": [7.50038, 6.96601, 7.41854],
			"to": [8.50038, 9.71601, 7.91854],
			"rotation": {"angle": 0, "axis": "y", "origin": [8.00038, 7.66601, 8.01854]},
			"faces": {
				"north": {"uv": [2, 3, 3, 6], "texture": "#6"},
				"east": {"uv": [3, 3, 4, 6], "texture": "#6"},
				"south": {"uv": [3, 0, 4, 3], "texture": "#6"},
				"west": {"uv": [1, 3, 2, 6], "texture": "#6"},
				"up": {"uv": [9, 9, 8, 8], "rotation": 180, "texture": "#6"},
				"down": {"uv": [1, 9, 0, 10], "rotation": 180, "texture": "#6"}
			}
		},
		{
			"from": [7.50038, 7.21601, 7.41854],
			"to": [8.50038, 8.96601, 7.91854],
			"rotation": {"angle": -22.5, "axis": "z", "origin": [8.00038, 7.66601, 8.01854]},
			"faces": {
				"north": {"uv": [0, 6, 1, 8], "texture": "#6"},
				"east": {"uv": [6, 0, 7, 2], "texture": "#6"},
				"south": {"uv": [5, 2, 6, 4], "texture": "#6"},
				"west": {"uv": [5, 4, 6, 6], "texture": "#6"},
				"up": {"uv": [10, 1, 9, 0], "rotation": 180, "texture": "#6"},
				"down": {"uv": [2, 9, 1, 10], "rotation": 180, "texture": "#6"}
			}
		}
	],
	"display": {
		"thirdperson_righthand": {
			"rotation": [67, -77, 0],
			"translation": [0, -3.25, -3.5],
			"scale": [0.48633, 0.48633, 0.48633]
		},
		"thirdperson_lefthand": {
			"rotation": [67, -77, 0],
			"translation": [0, -3.25, -3.5],
			"scale": [-0.48633, 0.48633, 0.48633]
		},
		"firstperson_righthand": {
			"translation": [3.5, 1.5, 0],
			"scale": [0.29102, 0.29102, 0.29102]
		},
		"firstperson_lefthand": {
			"translation": [3.5, 1.5, 0],
			"scale": [0.29102, 0.29102, 0.29102]
		},
		"ground": {
			"translation": [0, 2.25, 0],
			"scale": [0.43164, 0.43164, 0.43164]
		},
		"gui": {
			"translation": [0, 1.75, 0],
			"scale": [0.81445, 0.81445, 0.81445]
		},
		"head": {
			"translation": [0, 10, 0]
		},
		"fixed": {
			"translation": [0, 2.5, 0],
			"scale": [1.10156, 1.10156, 1.10156]
		}
	},
	"groups": [
		0,
		1,
		2,
		{
			"name": "group",
			"origin": [5.725, 6.35, 9.35],
			"color": 0,
			"children": [3, 4, 5, 6, 7, 8, 9, 10, 11, 12]
		},
		{
			"name": "group",
			"origin": [10.275, 6.35, 6.65],
			"color": 0,
			"children": [13, 14, 15, 16, 17, 18, 19, 20, 21, 22]
		},
		{
			"name": "group",
			"origin": [6.65, 6.35, 5.725],
			"color": 0,
			"children": [23, 24, 25, 26, 27, 28, 29, 30, 31, 32]
		},
		{
			"name": "group",
			"origin": [6.65, 9.65, 10.275],
			"color": 0,
			"children": [33, 34, 35, 36, 37, 38, 39, 40, 41, 42]
		},
		{
			"name": "group",
			"origin": [-6.5, 5.5, -3.5],
			"color": 0,
			"children": [43, 44]
		},
		{
			"name": "group",
			"origin": [7.5, 7.5, 7.5],
			"color": 0,
			"children": [45, 46, 47, 48, 49, 50, 51, 52, 53, 54, 55, 56, 57, 58, 59, 60, 61, 62, 63, 64, 65, 66, 67, 68, 69, 70, 71, 72]
		},
		73,
		{
			"name": "group",
			"origin": [8, 8, 8],
			"color": 0,
			"children": [74, 75, 76, 77, 78, 79, 80, 81, 82, 83]
		},
		{
			"name": "group",
			"origin": [8, 8, 8],
			"color": 0,
			"children": [84, 85, 86, 87, 88, 89, 90, 91, 92, 93]
		},
		{
			"name": "group",
			"origin": [8, 8, 8],
			"color": 0,
			"children": [94, 95, 96, 97, 98, 99, 100, 101, 102, 103]
		}
	]
}