{
    "parent": "minecraft:item/handheld",
    "textures": {
        "layer0": "minecraft:item/netherite_axe"
    },
    "overrides": [
        {
            "predicate": {
                "custom_model_data": 29
            },
            "model": "minecraft:item/jaxe"
        },
        {
            "predicate": {
                "custom_model_data": 3003
            },
            "model": "minecraft:item/kaiawand"
        },
        {
            "predicate": {
                "custom_model_data": 3004
            },
            "model": "minecraft:item/amethystaxe"
        }
    ]
}
