{
	"credit": "Made with Blockbench",
	"ambientocclusion": false,
	"textures": {
		"0": "item/runicsword1",
		"3": "item/runicsword2",
		"4": "item/runicsword3",
		"5": "item/runicsword4",
		"6": "item/runicsword5",
		"7": "item/runicsword6",
		"particle": "C:item/runicsword1"
	},
	"elements": [
		{
			"from": [5.5, 7.5, 7.5],
			"to": [10.5, 8.5, 8.5],
			"rotation": {"angle": -45, "axis": "x", "origin": [8, 8, 8]},
			"faces": {
				"north": {"uv": [0, 0, 5, 1], "texture": "#0"},
				"east": {"uv": [0, 4, 1, 5], "texture": "#0"},
				"south": {"uv": [0, 1, 5, 2], "texture": "#0"},
				"west": {"uv": [1, 4, 2, 5], "texture": "#0"},
				"up": {"uv": [5, 3, 0, 2], "texture": "#0"},
				"down": {"uv": [5, 3, 0, 4], "texture": "#0"}
			}
		},
		{
			"from": [10.5, 7.35, 7.35],
			"to": [11, 8.65, 8.65],
			"rotation": {"angle": -45, "axis": "x", "origin": [8, 8, 8]},
			"faces": {
				"north": {"uv": [0, 4, 1, 6], "texture": "#6"},
				"east": {"uv": [2, 2, 0, 4], "texture": "#6"},
				"south": {"uv": [4, 0, 5, 2], "texture": "#6"},
				"west": {"uv": [2, 0, 0, 2], "texture": "#6"},
				"up": {"uv": [2, 6, 1, 4], "texture": "#6"},
				"down": {"uv": [3, 4, 2, 6], "texture": "#6"}
			}
		},
		{
			"from": [11.15, 7.15, 6.9],
			"to": [11.85, 8.85, 7.6],
			"rotation": {"angle": -45, "axis": "y", "origin": [10.75, 8, 8]},
			"faces": {
				"north": {"uv": [2, 0, 3, 2], "texture": "#4"},
				"east": {"uv": [0, 0, 1, 2], "texture": "#4"},
				"south": {"uv": [1, 0, 2, 2], "texture": "#4"},
				"west": {"uv": [0, 2, 1, 4], "texture": "#4"},
				"up": {"uv": [0, 5, 1, 4], "texture": "#4"},
				"down": {"uv": [0, 4, 1, 5], "texture": "#4"}
			}
		},
		{
			"from": [11, 7.5, 6.25],
			"to": [12.25, 8.5, 9.75],
			"rotation": {"angle": 0, "axis": "x", "origin": [8, 8, 8]},
			"faces": {
				"north": {"uv": [5, 5, 4, 5.5], "texture": "#5"},
				"east": {"uv": [4, 3.5, 6, 4], "texture": "#5"},
				"south": {"uv": [4, 5, 5, 5.5], "texture": "#5"},
				"west": {"uv": [4, 3.5, 6, 4], "texture": "#5"},
				"up": {"uv": [2, 2, 3, 0], "texture": "#5"},
				"down": {"uv": [3, 2, 2, 4], "texture": "#5"}
			}
		},
		{
			"from": [11.3, 7.75, 4.25],
			"to": [11.95, 8.25, 9.75],
			"rotation": {"angle": 22.5, "axis": "y", "origin": [11.625, 8, 8]},
			"faces": {
				"north": {"uv": [2, 6, 2.5, 6.5], "texture": "#5"},
				"east": {"uv": [2, 4, 6, 4.5], "texture": "#5"},
				"south": {"uv": [2.5, 6, 3, 6.5], "texture": "#5"},
				"west": {"uv": [2, 4, 6, 4.5], "texture": "#5"},
				"up": {"uv": [0.5, 8.5, 0, 4.5], "texture": "#5"},
				"down": {"uv": [0.5, 4.5, 0, 8.5], "texture": "#5"}
			}
		},
		{
			"from": [11.3, 7.75, 6.25],
			"to": [11.95, 8.25, 11.75],
			"rotation": {"angle": -22.5, "axis": "y", "origin": [11.625, 8, 8]},
			"faces": {
				"north": {"uv": [2, 6, 2.5, 6.5], "texture": "#5"},
				"east": {"uv": [2, 4, 6, 4.5], "texture": "#5"},
				"south": {"uv": [2.5, 6, 3, 6.5], "texture": "#5"},
				"west": {"uv": [2, 4, 6, 4.5], "texture": "#5"},
				"up": {"uv": [0.5, 8.5, 0, 4.5], "texture": "#5"},
				"down": {"uv": [0.5, 4.5, 0, 8.5], "texture": "#5"}
			}
		},
		{
			"from": [4.05, 7.75, 6.25],
			"to": [4.7, 8.25, 11.75],
			"rotation": {"angle": 22.5, "axis": "y", "origin": [4.375, 8, 8]},
			"faces": {
				"north": {"uv": [2, 6, 2.5, 6.5], "texture": "#5"},
				"east": {"uv": [6, 4, 2, 4.5], "texture": "#5"},
				"south": {"uv": [2.5, 6, 3, 6.5], "texture": "#5"},
				"west": {"uv": [2, 4, 6, 4.5], "texture": "#5"},
				"up": {"uv": [0.5, 8.5, 0, 4.5], "texture": "#5"},
				"down": {"uv": [0.5, 4.5, 0, 8.5], "texture": "#5"}
			}
		},
		{
			"from": [11.25, 7.85, 5.75],
			"to": [12, 8.15, 12.25],
			"rotation": {"angle": -22.5, "axis": "y", "origin": [11.625, 8, 8]},
			"faces": {
				"north": {"uv": [4, 5.5, 4.5, 6], "texture": "#5"},
				"east": {"uv": [4, 0.5, 8.5, 1], "texture": "#5"},
				"south": {"uv": [4.5, 5.5, 5, 6], "texture": "#5"},
				"west": {"uv": [4, 0.5, 8.5, 1], "texture": "#5"},
				"up": {"uv": [0.5, 4.5, 0, 0], "texture": "#5"},
				"down": {"uv": [0.5, 0, 0, 4.5], "texture": "#5"}
			}
		},
		{
			"from": [11.25, 7.85, 3.75],
			"to": [12, 8.15, 10.25],
			"rotation": {"angle": 22.5, "axis": "y", "origin": [11.625, 8, 8]},
			"faces": {
				"north": {"uv": [4, 5.5, 4.5, 6], "texture": "#5"},
				"east": {"uv": [4, 0.5, 8.5, 1], "texture": "#5"},
				"south": {"uv": [4.5, 5.5, 5, 6], "texture": "#5"},
				"west": {"uv": [4, 0.5, 8.5, 1], "texture": "#5"},
				"up": {"uv": [0.5, 4.5, 0, 0], "texture": "#5"},
				"down": {"uv": [0.5, 0, 0, 4.5], "texture": "#5"}
			}
		},
		{
			"from": [4, 7.85, 5.75],
			"to": [4.75, 8.15, 12.25],
			"rotation": {"angle": 22.5, "axis": "y", "origin": [4.375, 8, 8]},
			"faces": {
				"north": {"uv": [4, 5.5, 4.5, 6], "texture": "#5"},
				"east": {"uv": [4, 0.5, 8.5, 1], "texture": "#5"},
				"south": {"uv": [4.5, 5.5, 5, 6], "texture": "#5"},
				"west": {"uv": [4, 0.5, 8.5, 1], "texture": "#5"},
				"up": {"uv": [0.5, 4.5, 0, 0], "texture": "#5"},
				"down": {"uv": [0.5, 0, 0, 4.5], "texture": "#5"}
			}
		},
		{
			"from": [4, 7.85, 3.75],
			"to": [4.75, 8.15, 10.25],
			"rotation": {"angle": -22.5, "axis": "y", "origin": [4.375, 8, 8]},
			"faces": {
				"north": {"uv": [4, 5.5, 4.5, 6], "texture": "#5"},
				"east": {"uv": [4, 0.5, 8.5, 1], "texture": "#5"},
				"south": {"uv": [4.5, 5.5, 5, 6], "texture": "#5"},
				"west": {"uv": [4, 0.5, 8.5, 1], "texture": "#5"},
				"up": {"uv": [0.5, 4.5, 0, 0], "texture": "#5"},
				"down": {"uv": [0.5, 0, 0, 4.5], "texture": "#5"}
			}
		},
		{
			"from": [4.05, 7.75, 4.25],
			"to": [4.7, 8.25, 9.75],
			"rotation": {"angle": -22.5, "axis": "y", "origin": [4.375, 8, 8]},
			"faces": {
				"north": {"uv": [2, 6, 2.5, 6.5], "texture": "#5"},
				"east": {"uv": [6, 4, 2, 4.5], "texture": "#5"},
				"south": {"uv": [2.5, 6, 3, 6.5], "texture": "#5"},
				"west": {"uv": [2, 4, 6, 4.5], "texture": "#5"},
				"up": {"uv": [0.5, 8.5, 0, 4.5], "texture": "#5"},
				"down": {"uv": [0.5, 4.5, 0, 8.5], "texture": "#5"}
			}
		},
		{
			"from": [3.75, 7.5, 6.25],
			"to": [5, 8.5, 9.75],
			"rotation": {"angle": 0, "axis": "x", "origin": [8, 8, 8]},
			"faces": {
				"north": {"uv": [4, 5, 5, 5.5], "texture": "#5"},
				"east": {"uv": [4, 3.5, 6, 4], "texture": "#5"},
				"south": {"uv": [5, 5, 4, 5.5], "texture": "#5"},
				"west": {"uv": [4, 3.5, 6, 4], "texture": "#5"},
				"up": {"uv": [3, 2, 2, 0], "texture": "#5"},
				"down": {"uv": [3, 2, 2, 4], "texture": "#5"}
			}
		},
		{
			"from": [4.15, 7.15, 6.9],
			"to": [4.85, 8.85, 7.6],
			"rotation": {"angle": 45, "axis": "y", "origin": [5.25, 8, 8]},
			"faces": {
				"north": {"uv": [0, 0, 1, 2], "texture": "#4"},
				"east": {"uv": [1, 0, 2, 2], "texture": "#4"},
				"south": {"uv": [0, 2, 1, 4], "texture": "#4"},
				"west": {"uv": [2, 0, 3, 2], "texture": "#4"},
				"up": {"uv": [1, 5, 0, 4], "texture": "#4"},
				"down": {"uv": [1, 4, 0, 5], "texture": "#4"}
			}
		},
		{
			"from": [3.75, 7.25, 6.5],
			"to": [5.25, 8.75, 8],
			"rotation": {"angle": 45, "axis": "y", "origin": [5.25, 8, 8]},
			"faces": {
				"north": {"uv": [0, 0, 2, 2], "texture": "#7"},
				"east": {"uv": [0, 2, 2, 4], "texture": "#7"},
				"south": {"uv": [2, 0, 4, 2], "texture": "#7"},
				"west": {"uv": [2, 2, 4, 4], "texture": "#7"},
				"up": {"uv": [2, 6, 0, 4], "texture": "#7"},
				"down": {"uv": [6, 0, 4, 2], "texture": "#7"}
			}
		},
		{
			"from": [10.75, 7.25, 6.5],
			"to": [12.25, 8.75, 8],
			"rotation": {"angle": -45, "axis": "y", "origin": [10.75, 8, 8]},
			"faces": {
				"north": {"uv": [2, 4, 4, 6], "texture": "#7"},
				"east": {"uv": [4, 2, 6, 4], "texture": "#7"},
				"south": {"uv": [4, 4, 6, 6], "texture": "#7"},
				"west": {"uv": [0, 6, 2, 8], "texture": "#7"},
				"up": {"uv": [8, 2, 6, 0], "texture": "#7"},
				"down": {"uv": [4, 6, 2, 8], "texture": "#7"}
			}
		},
		{
			"from": [5, 7.35, 7.35],
			"to": [5.5, 8.65, 8.65],
			"rotation": {"angle": -45, "axis": "x", "origin": [8, 8, 8]},
			"faces": {
				"north": {"uv": [0, 4, 1, 6], "texture": "#6"},
				"east": {"uv": [0, 0, 2, 2], "texture": "#6"},
				"south": {"uv": [4, 0, 5, 2], "texture": "#6"},
				"west": {"uv": [0, 2, 2, 4], "texture": "#6"},
				"up": {"uv": [2, 6, 1, 4], "texture": "#6"},
				"down": {"uv": [3, 4, 2, 6], "texture": "#6"}
			}
		},
		{
			"from": [-10.55, 8, 3.6],
			"to": [4.4, 8, 13.1],
			"rotation": {"angle": 0, "axis": "x", "origin": [8, 8.15, 8]},
			"faces": {
				"north": {"uv": [0, 0, 7.5, 0], "texture": "#3"},
				"east": {"uv": [0, 0, 5, 0], "texture": "#3"},
				"south": {"uv": [0, 0, 7.5, 0], "texture": "#3"},
				"west": {"uv": [0, 0, 5, 0], "texture": "#3"},
				"up": {"uv": [7.5, 5, 0, 0], "texture": "#3"},
				"down": {"uv": [7.5, 0, 0, 5], "texture": "#3"}
			}
		},
		{
			"from": [11.55, 8, 3.1],
			"to": [26.5, 8, 12.6],
			"rotation": {"angle": 0, "axis": "x", "origin": [8, 7.95, 8]},
			"faces": {
				"north": {"uv": [0, 0, 7.5, 0], "texture": "#3"},
				"east": {"uv": [0, 0, 5, 0], "texture": "#3"},
				"south": {"uv": [0, 0, 7.5, 0], "texture": "#3"},
				"west": {"uv": [0, 0, 5, 0], "texture": "#3"},
				"up": {"uv": [0, 0.1, 7.5, 5.1], "texture": "#3"},
				"down": {"uv": [0, 5, 7.5, 0], "texture": "#3"}
			}
		}
	],
	"display": {
		"thirdperson_righthand": {
			"rotation": [0, -180, 90],
			"translation": [0, -2, 1.25],
			"scale": [1.19336, 1.19336, 1.19336]
		},
		"thirdperson_lefthand": {
			"rotation": [0, -180, 90],
			"translation": [0, -2, 1.25]
		},
		"firstperson_righthand": {
			"rotation": [-12.38, -24.93, -93.06],
			"translation": [3.75, -0.75, 0.5]
		},
		"firstperson_lefthand": {
			"rotation": [-12.38, -24.93, -93.06],
			"translation": [4.25, -0.75, 0.5]
		},
		"ground": {
			"rotation": [5.23, 0.04, -1.51],
			"translation": [0, -3.5, 0],
			"scale": [0.34766, 0.34766, 0.34766]
		},
		"gui": {
			"rotation": [90, -42, 0],
			"scale": [0.48633, 0.48633, 0.48633]
		},
		"head": {
			"translation": [0, 4.75, 0]
		},
		"fixed": {
			"rotation": [90, 90, 0],
			"translation": [0, 0, -0.25],
			"scale": [2.45508, 2.45508, 2.45508]
		}
	},
	"groups": [
		0,
		1,
		2,
		3,
		4,
		5,
		6,
		7,
		8,
		9,
		10,
		11,
		12,
		13,
		14,
		15,
		16,
		{
			"name": "group",
			"origin": [8, 7.95, 8],
			"color": 0,
			"children": [17, 18]
		}
	]
}