{
	"credit": "Made with Blockbench",
	"textures": {
		"0": "item/bottle",
		"particle": "item/bottle"
	},
	"elements": [
		{
			"from": [2, 1, 2],
			"to": [8, 2, 8],
			"faces": {
				"north": {"uv": [9, 3, 12, 3.5], "texture": "#0"},
				"east": {"uv": [9, 3.5, 12, 4], "texture": "#0"},
				"south": {"uv": [9, 4, 12, 4.5], "texture": "#0"},
				"west": {"uv": [9, 4.5, 12, 5], "texture": "#0"},
				"up": {"uv": [3, 3, 0, 0], "texture": "#0"},
				"down": {"uv": [3, 3, 0, 6], "texture": "#0"}
			}
		},
		{
			"from": [2, 7, 6],
			"to": [8, 8, 8],
			"faces": {
				"north": {"uv": [9, 7, 12, 7.5], "texture": "#0"},
				"east": {"uv": [2, 9.5, 3, 10], "texture": "#0"},
				"south": {"uv": [6, 9.5, 9, 10], "texture": "#0"},
				"west": {"uv": [10, 9, 11, 9.5], "texture": "#0"},
				"up": {"uv": [3, 9.5, 0, 8.5], "texture": "#0"},
				"down": {"uv": [12, 0, 9, 1], "texture": "#0"}
			}
		},
		{
			"from": [2, 7, 4],
			"to": [4, 8, 6],
			"faces": {
				"north": {"uv": [12, 0, 13, 0.5], "texture": "#0"},
				"east": {"uv": [12, 0.5, 13, 1], "texture": "#0"},
				"south": {"uv": [12, 1, 13, 1.5], "texture": "#0"},
				"west": {"uv": [12, 1.5, 13, 2], "texture": "#0"},
				"up": {"uv": [4.5, 11.5, 3.5, 10.5], "texture": "#0"},
				"down": {"uv": [11.5, 10, 10.5, 11], "texture": "#0"}
			}
		},
		{
			"from": [6, 7, 4],
			"to": [8, 8, 6],
			"faces": {
				"north": {"uv": [12, 2, 13, 2.5], "texture": "#0"},
				"east": {"uv": [12, 2.5, 13, 3], "texture": "#0"},
				"south": {"uv": [12, 3, 13, 3.5], "texture": "#0"},
				"west": {"uv": [12, 3.5, 13, 4], "texture": "#0"},
				"up": {"uv": [12, 8.5, 11, 7.5], "texture": "#0"},
				"down": {"uv": [12, 8.5, 11, 9.5], "texture": "#0"}
			}
		},
		{
			"from": [4, 7, 4],
			"to": [6, 10, 6],
			"faces": {
				"north": {"uv": [5, 10, 6, 11.5], "texture": "#0"},
				"east": {"uv": [6, 10, 7, 11.5], "texture": "#0"},
				"south": {"uv": [7, 10, 8, 11.5], "texture": "#0"},
				"west": {"uv": [10, 7.5, 11, 9], "texture": "#0"},
				"up": {"uv": [11.5, 12, 10.5, 11], "texture": "#0"},
				"down": {"uv": [4.5, 11.5, 3.5, 12.5], "texture": "#0"}
			}
		},
		{
			"from": [3.25, 10, 3.25],
			"to": [6.75, 11, 6.75],
			"faces": {
				"north": {"uv": [11.5, 10, 13.5, 10.5], "texture": "#0"},
				"east": {"uv": [11.5, 10, 13.5, 10.5], "texture": "#0"},
				"south": {"uv": [11.5, 10, 13.5, 10.5], "texture": "#0"},
				"west": {"uv": [11.5, 10, 13.5, 10.5], "texture": "#0"},
				"up": {"uv": [8, 9.5, 6, 7.5], "texture": "#0"},
				"down": {"uv": [8, 7.5, 6, 9.5], "texture": "#0"}
			}
		},
		{
			"from": [2, 7, 2],
			"to": [8, 8, 4],
			"faces": {
				"north": {"uv": [9, 9.5, 12, 10], "texture": "#0"},
				"east": {"uv": [6.5, 11.5, 7.5, 12], "texture": "#0"},
				"south": {"uv": [2, 10, 5, 10.5], "texture": "#0"},
				"west": {"uv": [11.5, 11.5, 12.5, 12], "texture": "#0"},
				"up": {"uv": [12, 2, 9, 1], "texture": "#0"},
				"down": {"uv": [12, 2, 9, 3], "texture": "#0"}
			}
		},
		{
			"from": [2, 2, 1.25],
			"to": [8, 7, 2.25],
			"faces": {
				"north": {"uv": [6, 0, 9, 2.5], "texture": "#0"},
				"east": {"uv": [8, 10, 8.5, 12.5], "texture": "#0"},
				"south": {"uv": [6, 0, 9, 2.5], "texture": "#0"},
				"west": {"uv": [8.5, 10, 9, 12.5], "texture": "#0"},
				"up": {"uv": [12, 5.5, 9, 5], "texture": "#0"},
				"down": {"uv": [12, 5.5, 9, 6], "texture": "#0"}
			}
		},
		{
			"from": [2, 2, 7.75],
			"to": [8, 7, 8.75],
			"faces": {
				"north": {"uv": [6, 0, 9, 2.5], "texture": "#0"},
				"east": {"uv": [9, 10, 9.5, 12.5], "texture": "#0"},
				"south": {"uv": [6, 0, 9, 2.5], "texture": "#0"},
				"west": {"uv": [9.5, 10, 10, 12.5], "texture": "#0"},
				"up": {"uv": [12, 6.5, 9, 6], "texture": "#0"},
				"down": {"uv": [12, 6.5, 9, 7], "texture": "#0"}
			}
		},
		{
			"from": [1, 2, 2],
			"to": [2, 7, 8],
			"faces": {
				"north": {"uv": [2.5, 10.5, 3, 13], "texture": "#0"},
				"east": {"uv": [6, 0, 9, 2.5], "texture": "#0"},
				"south": {"uv": [3, 10.5, 3.5, 13], "texture": "#0"},
				"west": {"uv": [6, 0, 9, 2.5], "texture": "#0"},
				"up": {"uv": [1.5, 12.5, 1, 9.5], "texture": "#0"},
				"down": {"uv": [2, 9.5, 1.5, 12.5], "texture": "#0"}
			}
		},
		{
			"from": [7.75, 2, 2],
			"to": [8.75, 7, 8],
			"faces": {
				"north": {"uv": [10, 10, 10.5, 12.5], "texture": "#0"},
				"east": {"uv": [6, 0, 9, 2.5], "texture": "#0"},
				"south": {"uv": [2, 10.5, 2.5, 13], "texture": "#0"},
				"west": {"uv": [6, 0, 9, 2.5], "texture": "#0"},
				"up": {"uv": [0.5, 12.5, 0, 9.5], "texture": "#0"},
				"down": {"uv": [1, 9.5, 0.5, 12.5], "texture": "#0"}
			}
		}
	],
	"display": {
		"firstperson_righthand": {
			"translation": [7.25, 0, 0]
		},
		"firstperson_lefthand": {
			"translation": [1.25, 0, 0]
		},
		"ground": {
			"translation": [3, 3.75, 3.5]
		},
		"gui": {
			"rotation": [0, -25.75, 0],
			"translation": [1.75, 2.25, 0]
		},
		"head": {
			"translation": [7, 8, 7],
			"scale": [2.32227, 2.32227, 2.32227]
		},
		"fixed": {
			"rotation": [-90, 0, 0],
			"translation": [4.5, 5, -11],
			"scale": [1.61133, 1.61133, 1.61133]
		}
	}
}
