{
    "parent": "builtin/generated",
    "gui_light": "front",
    "textures": {
      "layer0": "minecraft:item/totem_of_undying"
    },
    "overrides": [
        {
            "predicate": {
                "custom_model_data": 3005
            },
            "model": "item/lyla_lantern"
        },
        {
            "predicate": {
                "custom_model_data": 4000
            },
            "model": "item/vertinsuitcase"
        }
    ],
    "display": {
        "ground": {
            "rotation": [ 0, 0, 0 ],
            "translation": [ 0, 2, 0],
            "scale":[ 0.5, 0.5, 0.5 ]
        },
        "head": {
            "rotation": [ 0, 180, 0 ],
            "translation": [ 0, 13, 7],
            "scale":[ 1, 1, 1]
        },
        "thirdperson_righthand": {
            "rotation": [ 0, 0, 0 ],
            "translation": [ 0, 3, 1 ],
            "scale": [ 0.55, 0.55, 0.55 ]
        },
        "firstperson_righthand": {
            "rotation": [ 0, -90, 25 ],
            "translation": [ 2, -30, 1.13],
            "scale": [ 0.68, 0.68, 0.68 ]
        },
        "fixed": {
            "rotation": [ 0, 180, 0 ],
            "scale": [ 1, 1, 1 ]
        }
    }
}
