{
    "credit": "Made with Blockbench",
    "texture_size": [
        48,
        48
    ],
    "textures": {
        "0": "item/umbrella"
    },
    "elements": [
        {
            "from": [
                0,
                25,
                -5
            ],
            "to": [
                17,
                26,
                12
            ],
            "faces": {
                "north": {
                    "uv": [
                        7,
                        8,
                        12.66667,
                        8.33333
                    ],
                    "texture": "#0"
                },
                "east": {
                    "uv": [
                        7,
                        8.33333,
                        12.66667,
                        8.66667
                    ],
                    "texture": "#0"
                },
                "south": {
                    "uv": [
                        7,
                        8.66667,
                        12.66667,
                        9
                    ],
                    "texture": "#0"
                },
                "west": {
                    "uv": [
                        7,
                        9,
                        12.66667,
                        9.33333
                    ],
                    "texture": "#0"
                },
                "up": {
                    "uv": [
                        5.66667,
                        5.66667,
                        0,
                        0
                    ],
                    "texture": "#0"
                },
                "down": {
                    "uv": [
                        5.66667,
                        5.66667,
                        0,
                        11.33333
                    ],
                    "texture": "#0"
                }
            }
        },
        {
            "from": [
                16,
                22,
                -5
            ],
            "to": [
                17,
                25,
                12
            ],
            "faces": {
                "north": {
                    "uv": [
                        10.66667,
                        4,
                        11,
                        5
                    ],
                    "texture": "#0"
                },
                "east": {
                    "uv": [
                        5.66667,
                        0,
                        11.33333,
                        1
                    ],
                    "texture": "#0"
                },
                "south": {
                    "uv": [
                        10.66667,
                        5,
                        11,
                        6
                    ],
                    "texture": "#0"
                },
                "west": {
                    "uv": [
                        5.66667,
                        1,
                        11.33333,
                        2
                    ],
                    "texture": "#0"
                },
                "up": {
                    "uv": [
                        7.33333,
                        15,
                        7,
                        9.33333
                    ],
                    "texture": "#0"
                },
                "down": {
                    "uv": [
                        7.66667,
                        9.33333,
                        7.33333,
                        15
                    ],
                    "texture": "#0"
                }
            }
        },
        {
            "from": [
                1,
                22,
                -5
            ],
            "to": [
                16,
                25,
                -4
            ],
            "faces": {
                "north": {
                    "uv": [
                        5.66667,
                        4,
                        10.66667,
                        5
                    ],
                    "texture": "#0"
                },
                "east": {
                    "uv": [
                        10.66667,
                        6,
                        11,
                        7
                    ],
                    "texture": "#0"
                },
                "south": {
                    "uv": [
                        5.66667,
                        5,
                        10.66667,
                        6
                    ],
                    "texture": "#0"
                },
                "west": {
                    "uv": [
                        10.66667,
                        7,
                        11,
                        8
                    ],
                    "texture": "#0"
                },
                "up": {
                    "uv": [
                        13.33333,
                        9.66667,
                        8.33333,
                        9.33333
                    ],
                    "texture": "#0"
                },
                "down": {
                    "uv": [
                        13.33333,
                        9.66667,
                        8.33333,
                        10
                    ],
                    "texture": "#0"
                }
            }
        },
        {
            "from": [
                1,
                22,
                11
            ],
            "to": [
                16,
                25,
                12
            ],
            "faces": {
                "north": {
                    "uv": [
                        5.66667,
                        6,
                        10.66667,
                        7
                    ],
                    "texture": "#0"
                },
                "east": {
                    "uv": [
                        8.33333,
                        10.66667,
                        8.66667,
                        11.66667
                    ],
                    "texture": "#0"
                },
                "south": {
                    "uv": [
                        5.66667,
                        7,
                        10.66667,
                        8
                    ],
                    "texture": "#0"
                },
                "west": {
                    "uv": [
                        8.66667,
                        10.66667,
                        9,
                        11.66667
                    ],
                    "texture": "#0"
                },
                "up": {
                    "uv": [
                        13.33333,
                        10.33333,
                        8.33333,
                        10
                    ],
                    "texture": "#0"
                },
                "down": {
                    "uv": [
                        13.33333,
                        10.33333,
                        8.33333,
                        10.66667
                    ],
                    "texture": "#0"
                }
            }
        },
        {
            "from": [
                0,
                22,
                -5
            ],
            "to": [
                1,
                25,
                12
            ],
            "faces": {
                "north": {
                    "uv": [
                        9,
                        10.66667,
                        9.33333,
                        11.66667
                    ],
                    "texture": "#0"
                },
                "east": {
                    "uv": [
                        5.66667,
                        2,
                        11.33333,
                        3
                    ],
                    "texture": "#0"
                },
                "south": {
                    "uv": [
                        9.33333,
                        10.66667,
                        9.66667,
                        11.66667
                    ],
                    "texture": "#0"
                },
                "west": {
                    "uv": [
                        5.66667,
                        3,
                        11.33333,
                        4
                    ],
                    "texture": "#0"
                },
                "up": {
                    "uv": [
                        8,
                        15,
                        7.66667,
                        9.33333
                    ],
                    "texture": "#0"
                },
                "down": {
                    "uv": [
                        8.33333,
                        9.33333,
                        8,
                        15
                    ],
                    "texture": "#0"
                }
            }
        },
        {
            "from": [
                8,
                0,
                1
            ],
            "to": [
                9,
                2,
                2
            ],
            "faces": {
                "north": {
                    "uv": [
                        9.66667,
                        10.66667,
                        10,
                        11.33333
                    ],
                    "texture": "#0"
                },
                "east": {
                    "uv": [
                        10,
                        10.66667,
                        10.33333,
                        11.33333
                    ],
                    "texture": "#0"
                },
                "south": {
                    "uv": [
                        10.33333,
                        10.66667,
                        10.66667,
                        11.33333
                    ],
                    "texture": "#0"
                },
                "west": {
                    "uv": [
                        10.66667,
                        10.66667,
                        11,
                        11.33333
                    ],
                    "texture": "#0"
                },
                "up": {
                    "uv": [
                        11.33333,
                        4.33333,
                        11,
                        4
                    ],
                    "texture": "#0"
                },
                "down": {
                    "uv": [
                        11.33333,
                        4.33333,
                        11,
                        4.66667
                    ],
                    "texture": "#0"
                }
            }
        },
        {
            "from": [
                8,
                0,
                3
            ],
            "to": [
                9,
                28,
                4
            ],
            "faces": {
                "north": {
                    "uv": [
                        5.66667,
                        8,
                        6,
                        14
                    ],
                    "texture": "#0"
                },
                "east": {
                    "uv": [
                        6,
                        8,
                        6.33333,
                        14
                    ],
                    "texture": "#0"
                },
                "south": {
                    "uv": [
                        6.33333,
                        8,
                        6.66667,
                        14
                    ],
                    "texture": "#0"
                },
                "west": {
                    "uv": [
                        6.66667,
                        8,
                        7,
                        14
                    ],
                    "texture": "#0"
                },
                "up": {
                    "uv": [
                        11.33333,
                        7,
                        11,
                        6.66667
                    ],
                    "texture": "#0"
                },
                "down": {
                    "uv": [
                        11.33333,
                        7,
                        11,
                        7.33333
                    ],
                    "texture": "#0"
                }
            }
        },
        {
            "from": [
                8,
                0,
                2
            ],
            "to": [
                9,
                1,
                3
            ],
            "faces": {
                "north": {
                    "uv": [
                        11,
                        4.66667,
                        11.33333,
                        5
                    ],
                    "texture": "#0"
                },
                "east": {
                    "uv": [
                        11,
                        5,
                        11.33333,
                        5.33333
                    ],
                    "texture": "#0"
                },
                "south": {
                    "uv": [
                        11,
                        5.33333,
                        11.33333,
                        5.66667
                    ],
                    "texture": "#0"
                },
                "west": {
                    "uv": [
                        11,
                        5.66667,
                        11.33333,
                        6
                    ],
                    "texture": "#0"
                },
                "up": {
                    "uv": [
                        11.33333,
                        6.33333,
                        11,
                        6
                    ],
                    "texture": "#0"
                },
                "down": {
                    "uv": [
                        11.33333,
                        6.33333,
                        11,
                        6.66667
                    ],
                    "texture": "#0"
                }
            }
        }
    ],
    "display": {
        "thirdperson_righthand": {
            "rotation": [
                61,
                0,
                0
            ],
            "translation": [
                -0.5,
                -3.25,
                12
            ],
            "scale": [
                1.52539,
                1.52539,
                1.52539
            ]
        },
        "firstperson_lefthand": {
            "translation": [
                12,
                4.25,
                0
            ]
        },
        "ground": {
            "translation": [
                0,
                4.5,
                0
            ]
        }
    },
    "groups": [
        {
            "name": "bone",
            "origin": [
                0,
                0,
                0
            ],
            "color": 0,
            "children": [
                0,
                1,
                2,
                3,
                4,
                {
                    "name": "group",
                    "origin": [
                        0,
                        0,
                        0
                    ],
                    "color": 0,
                    "children": [
                        5,
                        6,
                        7
                    ]
                }
            ]
        }
    ]
}