{
	"credit": "Made with Blockbench",
	"ambientocclusion": false,
	"texture_size": [64, 64],
	"textures": {
		"1": "item/hat1",
		"2": "item/hat2",
		"3": "item/hat3",
		"particle": "vertinhat"
	},
	"elements": [
		{
			"from": [0.75, 13.71299, 0],
			"to": [15.75, 14.71299, 15],
			"rotation": {"angle": 22.5, "axis": "z", "origin": [8, 13.96299, 7.5]},
			"faces": {
				"north": {"uv": [3.75, 6.25, 7.5, 6.5], "texture": "#3"},
				"east": {"uv": [6.25, 3.75, 10, 4], "texture": "#3"},
				"south": {"uv": [6.25, 4, 10, 4.25], "texture": "#3"},
				"west": {"uv": [6.25, 4.25, 10, 4.5], "texture": "#3"},
				"up": {"uv": [3.75, 3.75, 0, 0], "texture": "#3"},
				"down": {"uv": [3.75, 3.75, 0, 7.5], "texture": "#3"}
			}
		},
		{
			"from": [3, 14.71299, 2],
			"to": [13.5, 15.71299, 12],
			"rotation": {"angle": 22.5, "axis": "z", "origin": [8, 13.96299, 7.5]},
			"faces": {
				"north": {"uv": [5.5, 0, 11, 0.5], "texture": "#2"},
				"east": {"uv": [5.5, 1, 10.5, 1.5], "texture": "#2"},
				"south": {"uv": [5.5, 0.5, 11, 1], "texture": "#2"},
				"west": {"uv": [5.5, 1.5, 10.5, 2], "texture": "#2"},
				"up": {"uv": [5.5, 5, 0, 0], "texture": "#2"},
				"down": {"uv": [5.5, 5, 0, 10], "texture": "#2"}
			}
		},
		{
			"from": [3.25, 14.71299, 2.25],
			"to": [13.25, 19.71299, 11.75],
			"rotation": {"angle": 22.5, "axis": "z", "origin": [8, 13.96299, 7.5]},
			"faces": {
				"north": {"uv": [3.75, 5, 6.25, 6.25], "texture": "#3"},
				"east": {"uv": [6.25, 1.25, 8.75, 2.5], "texture": "#3"},
				"south": {"uv": [6.25, 0, 8.75, 1.25], "texture": "#3"},
				"west": {"uv": [6.25, 2.5, 8.75, 3.75], "texture": "#3"},
				"up": {"uv": [6.25, 2.5, 3.75, 0], "texture": "#3"},
				"down": {"uv": [6.25, 2.5, 3.75, 5], "texture": "#3"}
			}
		},
		{
			"from": [1, 14.71299, 11.75],
			"to": [4, 16.96299, 14.25],
			"rotation": {"angle": 22.5, "axis": "z", "origin": [8, 13.96299, 7.5]},
			"faces": {
				"north": {"uv": [0, 3, 1.5, 4.5], "texture": "#1"},
				"east": {"uv": [1, 4.5, 2.5, 6], "texture": "#1"},
				"south": {"uv": [3, 0, 4.5, 1.5], "texture": "#1"},
				"west": {"uv": [5, 2.5, 6.5, 4], "texture": "#1"},
				"up": {"uv": [1.5, 1.5, 0, 0], "texture": "#1"},
				"down": {"uv": [1.5, 1.5, 0, 3], "texture": "#1"}
			}
		},
		{
			"from": [3, 14.46299, 11.75],
			"to": [4.5, 14.96299, 15.25],
			"rotation": {"angle": 22.5, "axis": "z", "origin": [8, 13.96299, 7.5]},
			"faces": {
				"north": {"uv": [7, 0, 8, 0.5], "texture": "#1"},
				"east": {"uv": [6.5, 5.5, 8.5, 6], "texture": "#1"},
				"south": {"uv": [7, 0.5, 8, 1], "texture": "#1"},
				"west": {"uv": [6.5, 6, 8.5, 6.5], "texture": "#1"},
				"up": {"uv": [3.5, 7.5, 2.5, 5.5], "texture": "#1"},
				"down": {"uv": [4.5, 5.5, 3.5, 7.5], "texture": "#1"}
			}
		},
		{
			"from": [4.75, 14.46299, 11.75],
			"to": [6.25, 14.96299, 15.25],
			"rotation": {"angle": 22.5, "axis": "z", "origin": [8, 13.96299, 7.5]},
			"faces": {
				"north": {"uv": [7, 1, 8, 1.5], "texture": "#1"},
				"east": {"uv": [6.5, 6.5, 8.5, 7], "texture": "#1"},
				"south": {"uv": [0.5, 7.5, 1.5, 8], "texture": "#1"},
				"west": {"uv": [0, 7, 2, 7.5], "texture": "#1"},
				"up": {"uv": [5.5, 7.5, 4.5, 5.5], "texture": "#1"},
				"down": {"uv": [6.5, 5.5, 5.5, 7.5], "texture": "#1"}
			}
		},
		{
			"from": [3.11899, 8.84428, 15],
			"to": [4.36899, 13.34428, 15.25],
			"rotation": {"angle": 0, "axis": "y", "origin": [4.99399, 11.09428, 15.125]},
			"faces": {
				"north": {"uv": [3, 3, 4, 5.5], "texture": "#1"},
				"east": {"uv": [2, 6, 2.5, 8.5], "texture": "#1"},
				"south": {"uv": [4, 3, 5, 5.5], "texture": "#1"},
				"west": {"uv": [6.5, 7, 7, 9.5], "texture": "#1"},
				"up": {"uv": [8.5, 2, 7.5, 1.5], "texture": "#1"},
				"down": {"uv": [8.5, 2, 7.5, 2.5], "texture": "#1"}
			}
		},
		{
			"from": [4.75481, 9.4183, 15],
			"to": [6.00481, 13.9183, 15.25],
			"rotation": {"angle": 0, "axis": "y", "origin": [6.37981, 11.6683, 15.125]},
			"faces": {
				"north": {"uv": [0, 4.5, 1, 7], "texture": "#1"},
				"east": {"uv": [7, 7, 7.5, 9.5], "texture": "#1"},
				"south": {"uv": [4.5, 0, 5.5, 2.5], "texture": "#1"},
				"west": {"uv": [0, 7.5, 0.5, 10], "texture": "#1"},
				"up": {"uv": [3.5, 8, 2.5, 7.5], "texture": "#1"},
				"down": {"uv": [8.5, 2.5, 7.5, 3], "texture": "#1"}
			}
		},
		{
			"from": [5.5, 14.71299, 11.75],
			"to": [8.5, 16.96299, 14.25],
			"rotation": {"angle": 22.5, "axis": "z", "origin": [8, 13.96299, 7.5]},
			"faces": {
				"north": {"uv": [1.5, 3, 3, 4.5], "texture": "#1"},
				"east": {"uv": [5, 4, 6.5, 5.5], "texture": "#1"},
				"south": {"uv": [3, 1.5, 4.5, 3], "texture": "#1"},
				"west": {"uv": [5.5, 0, 7, 1.5], "texture": "#1"},
				"up": {"uv": [3, 1.5, 1.5, 0], "texture": "#1"},
				"down": {"uv": [3, 1.5, 1.5, 3], "texture": "#1"}
			}
		},
		{
			"from": [4, 14.71299, 11.75],
			"to": [5.5, 16.71299, 13.5],
			"rotation": {"angle": 22.5, "axis": "z", "origin": [8, 13.96299, 7.5]},
			"faces": {
				"north": {"uv": [6.5, 1.5, 7.5, 2.5], "texture": "#1"},
				"east": {"uv": [5.5, 1.5, 6.5, 2.5], "texture": "#1"},
				"south": {"uv": [6.5, 2.5, 7.5, 3.5], "texture": "#1"},
				"west": {"uv": [1, 6, 2, 7], "texture": "#1"},
				"up": {"uv": [7.5, 4.5, 6.5, 3.5], "texture": "#1"},
				"down": {"uv": [7.5, 4.5, 6.5, 5.5], "texture": "#1"}
			}
		}
	],
	"display": {
		"head": {
			"translation": [0, -8.25, 2],
			"scale": [1.64063, 1.64063, 1.64063]
		}
	}
}
