{
	"credit": "Made with Blockbench",
	"textures": {
		"0": "item/mushroomhat1",
		"1": "item/mushroomhat2",
		"2": "item/flower",
		"3": "item/static",
		"4": "item/black",
		"particle": "item/mushroomhat1"
	},
	"elements": [
		{
			"from": [4, 5.8125, 4],
			"to": [12, 6.3125, 5],
			"rotation": {"angle": 0, "axis": "y", "origin": [7, 2.8125, 7]},
			"faces": {
				"north": {"uv": [5, 2, 9, 2.25], "texture": "#1"},
				"east": {"uv": [1, 6.5, 1.5, 6.75], "texture": "#1"},
				"south": {"uv": [5, 2.5, 9, 2.75], "texture": "#1"},
				"west": {"uv": [1.5, 6.5, 2, 6.75], "texture": "#1"},
				"up": {"uv": [7, 0.5, 3, 0], "texture": "#1"},
				"down": {"uv": [7, 0.5, 3, 1], "texture": "#1"}
			}
		},
		{
			"from": [3.75, 6.3125, 3.75],
			"to": [12.25, 8.3125, 12.25],
			"rotation": {"angle": 0, "axis": "y", "origin": [7, 2.8125, 7]},
			"faces": {
				"north": {"uv": [8, 0, 12.25, 1], "texture": "#0"},
				"east": {"uv": [8, 1, 12.25, 2], "texture": "#0"},
				"south": {"uv": [8, 2, 12.25, 3], "texture": "#0"},
				"west": {"uv": [8, 3, 12.25, 4], "texture": "#0"},
				"up": {"uv": [4.25, 4.25, 0, 0], "texture": "#0"},
				"down": {"uv": [4.25, 4.5, 0, 8.75], "texture": "#0"}
			}
		},
		{
			"from": [4.75, 8.3125, 4.75],
			"to": [11.25, 9.5625, 11.25],
			"rotation": {"angle": 0, "axis": "y", "origin": [7, 2.8125, 7]},
			"faces": {
				"north": {"uv": [8, 4, 11.25, 4.75], "texture": "#0"},
				"east": {"uv": [8, 5, 11.25, 5.75], "texture": "#0"},
				"south": {"uv": [8, 6, 11.25, 6.75], "texture": "#0"},
				"west": {"uv": [0, 9, 3.25, 9.75], "texture": "#0"},
				"up": {"uv": [7.75, 3.25, 4.5, 0], "texture": "#0"},
				"down": {"uv": [7.75, 3.5, 4.5, 6.75], "texture": "#0"}
			}
		},
		{
			"from": [5.75, 9.5625, 5.75],
			"to": [10.25, 10.3125, 10.25],
			"rotation": {"angle": 0, "axis": "y", "origin": [7, 2.8125, 7]},
			"faces": {
				"north": {"uv": [3.5, 9.5, 5.75, 10], "texture": "#0"},
				"east": {"uv": [6, 9.5, 8.25, 10], "texture": "#0"},
				"south": {"uv": [9.5, 7, 11.75, 7.5], "texture": "#0"},
				"west": {"uv": [9.5, 7.5, 11.75, 8], "texture": "#0"},
				"up": {"uv": [6.75, 9.25, 4.5, 7], "texture": "#0"},
				"down": {"uv": [9.25, 7, 7, 9.25], "texture": "#0"}
			}
		},
		{
			"from": [4, 5.8125, 11],
			"to": [12, 6.3125, 12],
			"rotation": {"angle": 0, "axis": "y", "origin": [7, 2.8125, 7]},
			"faces": {
				"north": {"uv": [3, 5, 7, 5.25], "texture": "#1"},
				"east": {"uv": [3, 6.5, 3.5, 6.75], "texture": "#1"},
				"south": {"uv": [5, 3, 9, 3.25], "texture": "#1"},
				"west": {"uv": [3.5, 6.5, 4, 6.75], "texture": "#1"},
				"up": {"uv": [7, 1.5, 3, 1], "texture": "#1"},
				"down": {"uv": [7, 1.5, 3, 2], "texture": "#1"}
			}
		},
		{
			"from": [11, 5.8125, 5],
			"to": [12, 6.3125, 11],
			"rotation": {"angle": 0, "axis": "y", "origin": [7, 2.8125, 7]},
			"faces": {
				"north": {"uv": [0, 6.5, 0.5, 6.75], "texture": "#1"},
				"east": {"uv": [5, 3.5, 8, 3.75], "texture": "#1"},
				"south": {"uv": [0.5, 6.5, 1, 6.75], "texture": "#1"},
				"west": {"uv": [5, 4, 8, 4.25], "texture": "#1"},
				"up": {"uv": [3.5, 5, 3, 2], "texture": "#1"},
				"down": {"uv": [4, 2, 3.5, 5], "texture": "#1"}
			}
		},
		{
			"from": [4, 5.8125, 5],
			"to": [5, 6.3125, 11],
			"rotation": {"angle": 0, "axis": "y", "origin": [7, 2.8125, 7]},
			"faces": {
				"north": {"uv": [2, 6.5, 2.5, 6.75], "texture": "#1"},
				"east": {"uv": [6, 5.5, 9, 5.75], "texture": "#1"},
				"south": {"uv": [2.5, 6.5, 3, 6.75], "texture": "#1"},
				"west": {"uv": [6, 6, 9, 6.25], "texture": "#1"},
				"up": {"uv": [4.5, 5, 4, 2], "texture": "#1"},
				"down": {"uv": [5, 2, 4.5, 5], "texture": "#1"}
			}
		},
		{
			"from": [5, 6.0625, 5],
			"to": [11, 6.3125, 11],
			"rotation": {"angle": 0, "axis": "y", "origin": [7, 2.8125, 7]},
			"faces": {
				"north": {"uv": [5, 4.5, 8, 4.75], "texture": "#1"},
				"east": {"uv": [3, 5.5, 6, 5.75], "texture": "#1"},
				"south": {"uv": [0, 6, 3, 6.25], "texture": "#1"},
				"west": {"uv": [3, 6, 6, 6.25], "texture": "#1"},
				"up": {"uv": [3, 3, 0, 0], "texture": "#1"},
				"down": {"uv": [3, 3, 0, 6], "texture": "#1"}
			}
		},
		{
			"name": "static",
			"from": [2, 3, 5.25],
			"to": [14, 6, 5.25],
			"rotation": {"angle": 0, "axis": "y", "origin": [7, 0, 5.25]},
			"faces": {
				"north": {"uv": [0, 0, 12, 3], "texture": "#3"},
				"east": {"uv": [0, 0, 0, 3], "texture": "#3"},
				"south": {"uv": [0, 0, 12, 3], "texture": "#3"},
				"west": {"uv": [0, 0, 0, 3], "texture": "#3"},
				"up": {"uv": [12, 0, 0, 0], "texture": "#3"},
				"down": {"uv": [12, 0, 0, 0], "texture": "#3"}
			}
		},
		{
			"name": "redacted~",
			"from": [6, 4, 5.35],
			"to": [10, 6, 6.25],
			"rotation": {"angle": 0, "axis": "y", "origin": [7, 0, 5.25]},
			"faces": {
				"north": {"uv": [0, 0, 6, 2], "texture": "#4"},
				"east": {"uv": [0, 3, 1, 5], "texture": "#4"},
				"south": {"uv": [0, 0, 6, 2], "texture": "#4"},
				"west": {"uv": [0, 3, 1, 5], "texture": "#4"},
				"up": {"uv": [6, 3, 0, 2], "texture": "#4"},
				"down": {"uv": [6, 2, 0, 3], "texture": "#4"}
			}
		},
		{
			"from": [8.375, 4.95, 5],
			"to": [9.125, 5.325, 5.1875],
			"rotation": {"angle": 0, "axis": "y", "origin": [9.125, 4.95, 3.875]},
			"faces": {
				"north": {"uv": [2, 0, 4, 1], "texture": "#2"},
				"east": {"uv": [6, 8, 7, 9], "texture": "#2"},
				"south": {"uv": [2, 2, 4, 3], "texture": "#2"},
				"west": {"uv": [8, 6, 9, 7], "texture": "#2"},
				"up": {"uv": [2, 5, 0, 4], "texture": "#2"},
				"down": {"uv": [6, 0, 4, 1], "texture": "#2"}
			}
		},
		{
			"from": [8.375, 5.325, 5],
			"to": [8.75, 5.7, 5.1875],
			"rotation": {"angle": 0, "axis": "y", "origin": [9.125, 5.325, 3.875]},
			"faces": {
				"north": {"uv": [8, 8, 9, 9], "texture": "#2"},
				"east": {"uv": [0, 10, 1, 11], "texture": "#2"},
				"south": {"uv": [10, 0, 11, 1], "texture": "#2"},
				"west": {"uv": [2, 10, 3, 11], "texture": "#2"},
				"up": {"uv": [11, 3, 10, 2], "texture": "#2"},
				"down": {"uv": [5, 10, 4, 11], "texture": "#2"}
			}
		},
		{
			"from": [7.25, 5.325, 5],
			"to": [7.625, 5.7, 5.1875],
			"rotation": {"angle": 0, "axis": "y", "origin": [6.875, 5.325, 3.875]},
			"faces": {
				"north": {"uv": [10, 4, 11, 5], "texture": "#2"},
				"east": {"uv": [6, 10, 7, 11], "texture": "#2"},
				"south": {"uv": [10, 6, 11, 7], "texture": "#2"},
				"west": {"uv": [8, 10, 9, 11], "texture": "#2"},
				"up": {"uv": [11, 9, 10, 8], "texture": "#2"},
				"down": {"uv": [11, 10, 10, 11], "texture": "#2"}
			}
		},
		{
			"from": [6.875, 4.95, 5],
			"to": [7.625, 5.325, 5.1875],
			"rotation": {"angle": 0, "axis": "y", "origin": [6.875, 4.95, 3.875]},
			"faces": {
				"north": {"uv": [2, 4, 4, 5], "texture": "#2"},
				"east": {"uv": [0, 12, 1, 13], "texture": "#2"},
				"south": {"uv": [4, 2, 6, 3], "texture": "#2"},
				"west": {"uv": [12, 0, 13, 1], "texture": "#2"},
				"up": {"uv": [6, 5, 4, 4], "texture": "#2"},
				"down": {"uv": [2, 6, 0, 7], "texture": "#2"}
			}
		},
		{
			"from": [7.625, 4.2, 5],
			"to": [8.375, 4.95, 5.1875],
			"rotation": {"angle": 0, "axis": "y", "origin": [7.625, 4.2, 3.875]},
			"faces": {
				"north": {"uv": [0, 0, 2, 2], "texture": "#2"},
				"east": {"uv": [6, 0, 7, 2], "texture": "#2"},
				"south": {"uv": [0, 2, 2, 4], "texture": "#2"},
				"west": {"uv": [2, 6, 3, 8], "texture": "#2"},
				"up": {"uv": [8, 3, 6, 2], "texture": "#2"},
				"down": {"uv": [6, 6, 4, 7], "texture": "#2"}
			}
		},
		{
			"from": [8.375, 3.825, 5],
			"to": [9.125, 4.2, 5.1875],
			"rotation": {"angle": 0, "axis": "y", "origin": [9.125, 4.2, 3.875]},
			"faces": {
				"north": {"uv": [6, 4, 8, 5], "texture": "#2"},
				"east": {"uv": [2, 12, 3, 13], "texture": "#2"},
				"south": {"uv": [6, 6, 8, 7], "texture": "#2"},
				"west": {"uv": [12, 2, 13, 3], "texture": "#2"},
				"up": {"uv": [2, 9, 0, 8], "texture": "#2"},
				"down": {"uv": [10, 0, 8, 1], "texture": "#2"}
			}
		},
		{
			"from": [8.375, 3.45, 5],
			"to": [8.75, 3.825, 5.1875],
			"rotation": {"angle": 0, "axis": "y", "origin": [9.125, 3.825, 3.875]},
			"faces": {
				"north": {"uv": [4, 12, 5, 13], "texture": "#2"},
				"east": {"uv": [12, 4, 13, 5], "texture": "#2"},
				"south": {"uv": [6, 12, 7, 13], "texture": "#2"},
				"west": {"uv": [12, 6, 13, 7], "texture": "#2"},
				"up": {"uv": [9, 13, 8, 12], "texture": "#2"},
				"down": {"uv": [13, 8, 12, 9], "texture": "#2"}
			}
		},
		{
			"from": [6.875, 3.825, 5],
			"to": [7.625, 4.2, 5.1875],
			"rotation": {"angle": 0, "axis": "y", "origin": [6.875, 4.2, 3.875]},
			"faces": {
				"north": {"uv": [2, 8, 4, 9], "texture": "#2"},
				"east": {"uv": [10, 12, 11, 13], "texture": "#2"},
				"south": {"uv": [8, 2, 10, 3], "texture": "#2"},
				"west": {"uv": [12, 10, 13, 11], "texture": "#2"},
				"up": {"uv": [6, 9, 4, 8], "texture": "#2"},
				"down": {"uv": [10, 4, 8, 5], "texture": "#2"}
			}
		},
		{
			"from": [7.25, 3.45, 5],
			"to": [7.625, 3.825, 5.1875],
			"rotation": {"angle": 0, "axis": "y", "origin": [6.875, 3.825, 3.875]},
			"faces": {
				"north": {"uv": [12, 12, 13, 13], "texture": "#2"},
				"east": {"uv": [0, 14, 1, 15], "texture": "#2"},
				"south": {"uv": [14, 0, 15, 1], "texture": "#2"},
				"west": {"uv": [2, 14, 3, 15], "texture": "#2"},
				"up": {"uv": [15, 3, 14, 2], "texture": "#2"},
				"down": {"uv": [5, 14, 4, 15], "texture": "#2"}
			}
		}
	],
	"display": {
		"thirdperson_righthand": {
			"scale": [0.26758, 0.26758, 0.26758]
		},
		"thirdperson_lefthand": {
			"scale": [0.26758, 0.26758, 0.26758]
		},
		"firstperson_righthand": {
			"rotation": [-164, 68, -180],
			"translation": [0, 4.5, 0]
		},
		"ground": {
			"translation": [0, 1.25, 0]
		},
		"gui": {
			"rotation": [165.33, 4.26, -162.66],
			"translation": [1.25, 2, 0],
			"scale": [1.22656, 1.22656, 1.22656]
		},
		"head": {
			"translation": [0, 5.75, 0],
			"scale": [2.67383, 2.67383, 2.67383]
		},
		"fixed": {
			"translation": [0, 3.5, 7],
			"scale": [2.86328, 2.86328, 2.86328]
		}
	},
	"groups": [
		{
			"name": "muishroom",
			"origin": [7, 2.8125, 7],
			"color": 0,
			"children": [0, 1, 2, 3, 4, 5, 6, 7]
		},
		8,
		9,
		{
			"name": "flower",
			"origin": [6.5, 3.5, 3.5],
			"color": 0,
			"children": [10, 11, 12, 13, 14, 15, 16, 17, 18]
		}
	]
}