{
    "parent": "minecraft:item/generated",
    "textures": {
        "layer0": "minecraft:item/warped_fungus_on_a_stick"
    },
    "overrides": [
        {
            "predicate": {
                "custom_model_data": 10
            },
            "model": "minecraft:item/kaiawand"
        },
        {
            "predicate": {
                "custom_model_data": 11
            },
            "model": "minecraft:item/kaiawand"
        },
        {
            "predicate": {
                "custom_model_data": 12
            },
            "model": "minecraft:item/kaiawand"
        }
    ]
}
