{
	"credit": "Made with Blockbench",
	"texture_size": [64, 64],
	"textures": {
		"0": "infinityseasonthree:item/abook1",
		"1": "infinityseasonthree:item/abook2",
		"2": "infinityseasonthree:item/abook3",
		"3": "infinityseasonthree:item/abook4",
		"particle": "item/abook1"
	},
	"elements": [
		{
			"from": [7, 10, -4.25],
			"to": [8, 11, 11.25],
			"rotation": {"angle": 45, "axis": "z", "origin": [8, 11, 3]},
			"faces": {
				"north": {"uv": [3.5, 3, 4, 3.5], "texture": "#1"},
				"east": {"uv": [0, 0, 8, 0.5], "texture": "#1"},
				"south": {"uv": [3.5, 3.5, 4, 4], "texture": "#1"},
				"west": {"uv": [0, 0.5, 8, 1], "texture": "#1"},
				"up": {"uv": [0.5, 9, 0, 1], "texture": "#1"},
				"down": {"uv": [1, 1, 0.5, 9], "texture": "#1"}
			}
		},
		{
			"from": [-2.1, 9.9, -4.1],
			"to": [-1, 10.6, 11.1],
			"rotation": {"angle": -22.5, "axis": "z", "origin": [8, 11, 3.5]},
			"faces": {
				"north": {"uv": [3, 3, 3.5, 3.5], "texture": "#1"},
				"east": {"uv": [1, 1, 8.5, 1.5], "texture": "#1"},
				"south": {"uv": [3, 3.5, 3.5, 4], "texture": "#1"},
				"west": {"uv": [1, 1.5, 8.5, 2], "texture": "#1"},
				"up": {"uv": [1.5, 9.5, 1, 2], "texture": "#1"},
				"down": {"uv": [2, 2, 1.5, 9.5], "texture": "#1"}
			}
		},
		{
			"from": [17, 9.9, -4.1],
			"to": [18.05, 10.6, 11.1],
			"rotation": {"angle": 22.5, "axis": "z", "origin": [8, 11, 3.5]},
			"faces": {
				"north": {"uv": [3, 4, 3.5, 4.5], "texture": "#1"},
				"east": {"uv": [2, 2, 9.5, 2.5], "texture": "#1"},
				"south": {"uv": [4, 3, 4.5, 3.5], "texture": "#1"},
				"west": {"uv": [2, 2.5, 9.5, 3], "texture": "#1"},
				"up": {"uv": [2.5, 10.5, 2, 3], "texture": "#1"},
				"down": {"uv": [3, 3, 2.5, 10.5], "texture": "#1"}
			}
		},
		{
			"from": [8, 10.5, -3.75],
			"to": [17.75, 11.1, 10.75],
			"rotation": {"angle": 22.5, "axis": "z", "origin": [8, 11, 3.5]},
			"faces": {
				"north": {"uv": [5, 1.5, 7.4375, 1.625], "texture": "#2"},
				"east": {"uv": [5, 0.5, 8.625, 0.625], "texture": "#2"},
				"south": {"uv": [5, 1.75, 7.4375, 1.875], "texture": "#2"},
				"west": {"uv": [5, 0.75, 8.625, 0.875], "texture": "#2"},
				"up": {"uv": [2.4375, 7.375, 0, 3.75], "texture": "#2"},
				"down": {"uv": [4.9375, 3.75, 2.5, 7.375], "texture": "#2"}
			}
		},
		{
			"from": [-1.75, 10.5, -3.75],
			"to": [8, 11.1, 10.75],
			"rotation": {"angle": -22.5, "axis": "z", "origin": [8, 11, 3.5]},
			"faces": {
				"north": {"uv": [5, 1, 7.4375, 1.125], "texture": "#2"},
				"east": {"uv": [5, 0, 8.625, 0.125], "texture": "#2"},
				"south": {"uv": [5, 1.25, 7.4375, 1.375], "texture": "#2"},
				"west": {"uv": [5, 0.25, 8.625, 0.375], "texture": "#2"},
				"up": {"uv": [2.4375, 3.625, 0, 0], "texture": "#2"},
				"down": {"uv": [4.9375, 0, 2.5, 3.625], "texture": "#2"}
			}
		},
		{
			"from": [8, 11.21406, -3.75],
			"to": [17.75, 11.31406, 10.75],
			"rotation": {"angle": 22.5, "axis": "z", "origin": [8, 11.21406, 3.5]},
			"faces": {
				"north": {"uv": [5, 1, 7.4375, 1.0625], "texture": "#3"},
				"east": {"uv": [5, 0, 8.625, 0.0625], "texture": "#3"},
				"south": {"uv": [5, 1.25, 7.4375, 1.3125], "texture": "#3"},
				"west": {"uv": [5, 0.25, 8.625, 0.3125], "texture": "#3"},
				"up": {"uv": [2.4375, 3.625, 0, 0], "texture": "#3"},
				"down": {"uv": [4.9375, 0, 2.5, 3.625], "texture": "#3"}
			}
		},
		{
			"from": [-1.75, 11.21406, -3.75],
			"to": [8, 11.31406, 10.75],
			"rotation": {"angle": -22.5, "axis": "z", "origin": [8, 11.21406, 3.5]},
			"faces": {
				"north": {"uv": [5, 1.5, 7.4375, 1.5625], "texture": "#3"},
				"east": {"uv": [5, 0.5, 8.625, 0.5625], "texture": "#3"},
				"south": {"uv": [5, 1.75, 7.4375, 1.8125], "texture": "#3"},
				"west": {"uv": [5, 0.75, 8.625, 0.8125], "texture": "#3"},
				"up": {"uv": [2.4375, 7.375, 0, 3.75], "texture": "#3"},
				"down": {"uv": [4.9375, 3.75, 2.5, 7.375], "texture": "#3"}
			}
		},
		{
			"from": [8.2, 10, -4],
			"to": [17, 10.5, 11],
			"rotation": {"angle": 22.5, "axis": "z", "origin": [8, 11, 3.5]},
			"faces": {
				"north": {"uv": [1.3125, 8.75, 1.5625, 13.75], "rotation": 90, "texture": "#0"},
				"east": {"uv": [0.8125, 8.5, 1.0625, 16], "rotation": 270, "texture": "#0"},
				"south": {"uv": [0, 8.375, 0.25, 13.375], "rotation": 270, "texture": "#0"},
				"west": {"uv": [2.9375, 14.84375, 10.4375, 15.09375], "rotation": 180, "texture": "#0"},
				"up": {"uv": [0, 0, 4.40625, 7.5], "rotation": 180, "texture": "#0"},
				"down": {"uv": [4.53125, 0, 8.90625, 7.5], "rotation": 180, "texture": "#0"}
			}
		},
		{
			"from": [-1, 10, -4],
			"to": [7.8, 10.5, 11],
			"rotation": {"angle": -22.5, "axis": "z", "origin": [8, 11, 3.5]},
			"faces": {
				"north": {"uv": [0, 8, 4.40625, 8.25], "texture": "#0"},
				"east": {"uv": [0, 7.5, 7.5, 7.75], "texture": "#0"},
				"south": {"uv": [4.5, 8, 8.90625, 8.25], "texture": "#0"},
				"west": {"uv": [7.5, 7.5, 15, 7.75], "texture": "#0"},
				"up": {"uv": [4.40625, 7.5, 0, 0], "texture": "#0"},
				"down": {"uv": [4.5, 0, 8.90625, 7.5], "texture": "#0"}
			}
		}
	],
	"display": {
		"thirdperson_righthand": {
			"rotation": [79.5, 0, 0],
			"translation": [0, 0, -3],
			"scale": [0.74805, 0.74805, 0.74805]
		},
		"thirdperson_lefthand": {
			"rotation": [79.5, 0, 0],
			"translation": [0, 0, -3],
			"scale": [0.74805, 0.74805, 0.74805]
		},
		"firstperson_righthand": {
			"rotation": [65.08, -2.1, 25.92],
			"translation": [0, 2.25, 0],
			"scale": [0.375, 0.375, 0.375]
		},
		"firstperson_lefthand": {
			"rotation": [65.08, -2.1, 25.92],
			"translation": [0, 2.25, 0],
			"scale": [0.375, 0.375, 0.375]
		},
		"ground": {
			"translation": [0, -3, 5],
			"scale": [0.50977, 0.50977, 0.50977]
		},
		"gui": {
			"rotation": [75.3, 14.7, -31.4],
			"translation": [-1.25, -3.25, 0],
			"scale": [0.64844, 0.64844, 0.64844]
		},
		"head": {
			"translation": [0, 1.5, 4.5]
		},
		"fixed": {
			"rotation": [-90, 180, 0],
			"translation": [0, -10, 3.75],
			"scale": [2.2168, 2.2168, 2.2168]
		}
	}
}
